model_name,display_name,feature,top_k,top_k_count,top_k_frequency,rank_mean,rank_std,mean_abs_shap_mean,mean_abs_shap_std
decision_tree,Decision Tree,MajorAxisLength,10,10,1.0,1.0,0.0,0.08324604282595396,0.001695097504654781
decision_tree,Decision Tree,Perimeter,10,10,1.0,2.0,0.0,0.0765785990965758,0.0012109430466379625
decision_tree,Decision Tree,ShapeFactor1,10,10,1.0,4.4,0.8432740427115678,0.038291023178691846,0.005486451082849527
decision_tree,Decision Tree,MinorAxisLength,10,10,1.0,4.8,1.5491933384829668,0.03520251475637977,0.005896003485932421
decision_tree,Decision Tree,Compactness,10,10,1.0,5.1,2.1317702607092643,0.034947595066763024,0.01473592145359267
decision_tree,Decision Tree,roundness,10,10,1.0,5.8,0.4216370213557839,0.028428422578141054,0.0007547418374455793
decision_tree,Decision Tree,ShapeFactor4,10,10,1.0,7.3,0.48304589153964794,0.023091608988549464,0.001084127751291319
decision_tree,Decision Tree,Solidity,10,10,1.0,8.9,0.5676462121975466,0.01216915602039837,0.0005891033591606424
decision_tree,Decision Tree,ShapeFactor3,10,8,0.8,6.2,3.2249030993194197,0.026904130459314807,0.014102962983370255
decision_tree,Decision Tree,Extent,10,6,0.6,10.1,0.8755950357709131,0.00978651219073362,0.0007270511781918834
decision_tree,Decision Tree,ConvexArea,10,5,0.5,10.9,0.9944289260117533,0.009135309349528529,0.0006580562223150828
decision_tree,Decision Tree,Area,10,1,0.1,13.2,1.9321835661585918,0.006215524127882751,0.002495896010253769
decision_tree,Decision Tree,EquivDiameter,10,0,0.0,12.7,1.636391694484477,0.007231112851912995,0.0025710964947932937
decision_tree,Decision Tree,ShapeFactor2,10,0,0.0,13.6,0.8432740427115678,0.005517686673559185,0.0013188613218025865
decision_tree,Decision Tree,AspectRation,10,0,0.0,14.9,1.1005049346146119,0.0036009009680259387,0.0016362744199939936
decision_tree,Decision Tree,Eccentricity,10,0,0.0,15.1,0.8755950357709131,0.0031860731654663604,0.0017557002535006207
logistic_regression,Logistic Regression,ShapeFactor1,10,10,1.0,1.0,0.0,1.4633874684320964,2.340555645717801e-16
logistic_regression,Logistic Regression,MinorAxisLength,10,10,1.0,2.0,0.0,1.094949457332654,2.340555645717801e-16
logistic_regression,Logistic Regression,EquivDiameter,10,10,1.0,3.0,0.0,0.8929123307892353,0.0
logistic_regression,Logistic Regression,Perimeter,10,10,1.0,4.0,0.0,0.8855546171005152,1.1702778228589004e-16
logistic_regression,Logistic Regression,ConvexArea,10,10,1.0,5.0,0.0,0.7968408635671044,0.0
logistic_regression,Logistic Regression,Area,10,10,1.0,6.0,0.0,0.778416899975541,0.0
logistic_regression,Logistic Regression,MajorAxisLength,10,10,1.0,7.0,0.0,0.7749775645746454,0.0
logistic_regression,Logistic Regression,ShapeFactor4,10,10,1.0,8.0,0.0,0.7337406165724178,1.1702778228589004e-16
logistic_regression,Logistic Regression,ShapeFactor2,10,10,1.0,9.0,0.0,0.6102784055116628,0.0
logistic_regression,Logistic Regression,roundness,10,10,1.0,10.0,0.0,0.35020454151037195,0.0
logistic_regression,Logistic Regression,Solidity,10,0,0.0,11.0,0.0,0.25103323616993245,5.851389114294502e-17
logistic_regression,Logistic Regression,AspectRation,10,0,0.0,12.0,0.0,0.2405628344443301,2.925694557147251e-17
logistic_regression,Logistic Regression,Eccentricity,10,0,0.0,13.0,0.0,0.23954759187146052,2.925694557147251e-17
logistic_regression,Logistic Regression,Extent,10,0,0.0,14.0,0.0,0.18946891327445536,0.0
logistic_regression,Logistic Regression,ShapeFactor3,10,0,0.0,15.0,0.0,0.15512467876896815,0.0
logistic_regression,Logistic Regression,Compactness,10,0,0.0,16.0,0.0,0.15127427482766603,0.0
mlp,MLP,ShapeFactor1,10,10,1.0,1.1,0.31622776601683794,0.04321276826958714,0.007780887813084354
mlp,MLP,ShapeFactor4,10,10,1.0,3.2,1.0327955589886446,0.029194032233051448,0.001466623868339114
mlp,MLP,AspectRation,10,10,1.0,3.5,1.7795130420052185,0.029593858209271684,0.005539859099535826
mlp,MLP,ShapeFactor2,10,10,1.0,5.3,1.8287822299126937,0.023804803825515954,0.00456449953908096
mlp,MLP,roundness,10,9,0.9,4.1,2.726414006223804,0.02788384118090016,0.004495256373020657
mlp,MLP,MinorAxisLength,10,9,0.9,7.8,2.2010098692292237,0.021003847144633388,0.0038664729739856835
mlp,MLP,EquivDiameter,10,9,0.9,9.0,1.8257418583505538,0.01837719062737786,0.0016400452859869033
mlp,MLP,MajorAxisLength,10,8,0.8,7.1,2.960855732160327,0.022306216940876332,0.004938050642434652
mlp,MLP,Area,10,8,0.8,8.8,2.5298221281347035,0.01913536906449567,0.0029398811425618457
mlp,MLP,Perimeter,10,7,0.7,8.9,1.8529256146249728,0.018305340759124662,0.0028486762105953837
mlp,MLP,ConvexArea,10,5,0.5,9.3,3.591656999213594,0.018899665749130195,0.006486236766118965
mlp,MLP,Eccentricity,10,3,0.3,11.5,1.5811388300841898,0.015345153120606941,0.0023097346409314285
mlp,MLP,Compactness,10,1,0.1,12.7,1.3374935098492586,0.014160066442860284,0.002552928398379603
mlp,MLP,ShapeFactor3,10,1,0.1,13.3,2.1628170930011112,0.012624752192341257,0.002652324072887754
mlp,MLP,Solidity,10,0,0.0,14.4,0.9660917830792959,0.01077521707796251,0.0009390477264460939
mlp,MLP,Extent,10,0,0.0,16.0,0.0,0.006220133857910047,0.0009204820426013298
random_forest,Random Forest,Perimeter,10,10,1.0,1.0,0.0,0.035851449802302204,0.0021934347303572683
random_forest,Random Forest,ShapeFactor1,10,10,1.0,3.0,0.9428090415820634,0.026117476468187,0.001199804867229833
random_forest,Random Forest,MajorAxisLength,10,10,1.0,3.2,1.1352924243950935,0.02601991173331706,0.002037373151653913
random_forest,Random Forest,ConvexArea,10,10,1.0,3.7,1.1595018087284057,0.02469992549217908,0.0017986934871142522
random_forest,Random Forest,MinorAxisLength,10,10,1.0,4.1,1.1005049346146119,0.023716090249995082,0.001598102416672121
random_forest,Random Forest,roundness,10,10,1.0,7.1,0.8755950357709131,0.019152895295088738,0.000394096603806081
random_forest,Random Forest,ShapeFactor3,10,10,1.0,7.7,1.3374935098492586,0.019069981573575402,0.0008933648732704788
random_forest,Random Forest,Compactness,10,10,1.0,8.1,0.9944289260117531,0.018375252674961828,0.0009019767111115358
random_forest,Random Forest,EquivDiameter,10,10,1.0,8.2,1.7511900715418263,0.017975323045380676,0.0018146539716384202
random_forest,Random Forest,Area,10,10,1.0,8.9,1.5951314818673865,0.017429875079397812,0.0017473256227614415
random_forest,Random Forest,ShapeFactor4,10,0,0.0,11.0,0.0,0.013971584962518126,0.00031262170504985
random_forest,Random Forest,Eccentricity,10,0,0.0,12.7,0.674948557710553,0.010423850501858399,0.0007575474017841222
random_forest,Random Forest,AspectRation,10,0,0.0,13.1,0.8755950357709131,0.01014649450287137,0.0007952989922511654
random_forest,Random Forest,ShapeFactor2,10,0,0.0,13.2,0.9189365834726815,0.009696093473933003,0.0008579389589967813
random_forest,Random Forest,Solidity,10,0,0.0,15.0,0.0,0.006735779954454295,0.0002457127179848273
random_forest,Random Forest,Extent,10,0,0.0,16.0,0.0,0.0029523356208251716,0.0001355145991118501
