seed,model_name,loaded_from_disk,training_time_seconds,prediction_time_seconds,warnings_count,model_path,predictions_path,probabilities_path
1,logistic_regression,False,0.1584,0.0,0,G:\Programming\xai\models\seed_1\logistic_regression.pkl,G:\Programming\xai\results\03_model_training\seed_1\logistic_regression_predictions.csv,G:\Programming\xai\results\03_model_training\seed_1\logistic_regression_probabilities.csv
1,decision_tree,False,0.1336,0.0023,0,G:\Programming\xai\models\seed_1\decision_tree.pkl,G:\Programming\xai\results\03_model_training\seed_1\decision_tree_predictions.csv,G:\Programming\xai\results\03_model_training\seed_1\decision_tree_probabilities.csv
1,random_forest,False,0.5444,0.092,0,G:\Programming\xai\models\seed_1\random_forest.pkl,G:\Programming\xai\results\03_model_training\seed_1\random_forest_predictions.csv,G:\Programming\xai\results\03_model_training\seed_1\random_forest_probabilities.csv
1,mlp,False,1.5568,0.0042,0,G:\Programming\xai\models\seed_1\mlp.pkl,G:\Programming\xai\results\03_model_training\seed_1\mlp_predictions.csv,G:\Programming\xai\results\03_model_training\seed_1\mlp_probabilities.csv
2,logistic_regression,False,0.1403,0.002,0,G:\Programming\xai\models\seed_2\logistic_regression.pkl,G:\Programming\xai\results\03_model_training\seed_2\logistic_regression_predictions.csv,G:\Programming\xai\results\03_model_training\seed_2\logistic_regression_probabilities.csv
2,decision_tree,False,0.1111,0.0015,0,G:\Programming\xai\models\seed_2\decision_tree.pkl,G:\Programming\xai\results\03_model_training\seed_2\decision_tree_predictions.csv,G:\Programming\xai\results\03_model_training\seed_2\decision_tree_probabilities.csv
2,random_forest,False,0.5835,0.0803,0,G:\Programming\xai\models\seed_2\random_forest.pkl,G:\Programming\xai\results\03_model_training\seed_2\random_forest_predictions.csv,G:\Programming\xai\results\03_model_training\seed_2\random_forest_probabilities.csv
2,mlp,False,1.217,0.0056,0,G:\Programming\xai\models\seed_2\mlp.pkl,G:\Programming\xai\results\03_model_training\seed_2\mlp_predictions.csv,G:\Programming\xai\results\03_model_training\seed_2\mlp_probabilities.csv
3,logistic_regression,False,0.1333,0.0015,0,G:\Programming\xai\models\seed_3\logistic_regression.pkl,G:\Programming\xai\results\03_model_training\seed_3\logistic_regression_predictions.csv,G:\Programming\xai\results\03_model_training\seed_3\logistic_regression_probabilities.csv
3,decision_tree,False,0.1325,0.0,0,G:\Programming\xai\models\seed_3\decision_tree.pkl,G:\Programming\xai\results\03_model_training\seed_3\decision_tree_predictions.csv,G:\Programming\xai\results\03_model_training\seed_3\decision_tree_probabilities.csv
3,random_forest,False,0.6504,0.0839,0,G:\Programming\xai\models\seed_3\random_forest.pkl,G:\Programming\xai\results\03_model_training\seed_3\random_forest_predictions.csv,G:\Programming\xai\results\03_model_training\seed_3\random_forest_probabilities.csv
3,mlp,False,0.9217,0.0057,0,G:\Programming\xai\models\seed_3\mlp.pkl,G:\Programming\xai\results\03_model_training\seed_3\mlp_predictions.csv,G:\Programming\xai\results\03_model_training\seed_3\mlp_probabilities.csv
4,logistic_regression,False,0.1479,0.0032,0,G:\Programming\xai\models\seed_4\logistic_regression.pkl,G:\Programming\xai\results\03_model_training\seed_4\logistic_regression_predictions.csv,G:\Programming\xai\results\03_model_training\seed_4\logistic_regression_probabilities.csv
4,decision_tree,False,0.1206,0.005,0,G:\Programming\xai\models\seed_4\decision_tree.pkl,G:\Programming\xai\results\03_model_training\seed_4\decision_tree_predictions.csv,G:\Programming\xai\results\03_model_training\seed_4\decision_tree_probabilities.csv
4,random_forest,False,0.6393,0.0912,0,G:\Programming\xai\models\seed_4\random_forest.pkl,G:\Programming\xai\results\03_model_training\seed_4\random_forest_predictions.csv,G:\Programming\xai\results\03_model_training\seed_4\random_forest_probabilities.csv
4,mlp,False,2.3442,0.0083,0,G:\Programming\xai\models\seed_4\mlp.pkl,G:\Programming\xai\results\03_model_training\seed_4\mlp_predictions.csv,G:\Programming\xai\results\03_model_training\seed_4\mlp_probabilities.csv
5,logistic_regression,False,0.1711,0.0018,0,G:\Programming\xai\models\seed_5\logistic_regression.pkl,G:\Programming\xai\results\03_model_training\seed_5\logistic_regression_predictions.csv,G:\Programming\xai\results\03_model_training\seed_5\logistic_regression_probabilities.csv
5,decision_tree,False,0.1178,0.0,0,G:\Programming\xai\models\seed_5\decision_tree.pkl,G:\Programming\xai\results\03_model_training\seed_5\decision_tree_predictions.csv,G:\Programming\xai\results\03_model_training\seed_5\decision_tree_probabilities.csv
5,random_forest,False,0.6466,0.084,0,G:\Programming\xai\models\seed_5\random_forest.pkl,G:\Programming\xai\results\03_model_training\seed_5\random_forest_predictions.csv,G:\Programming\xai\results\03_model_training\seed_5\random_forest_probabilities.csv
5,mlp,False,3.1216,0.0,0,G:\Programming\xai\models\seed_5\mlp.pkl,G:\Programming\xai\results\03_model_training\seed_5\mlp_predictions.csv,G:\Programming\xai\results\03_model_training\seed_5\mlp_probabilities.csv
6,logistic_regression,False,0.1614,0.0,0,G:\Programming\xai\models\seed_6\logistic_regression.pkl,G:\Programming\xai\results\03_model_training\seed_6\logistic_regression_predictions.csv,G:\Programming\xai\results\03_model_training\seed_6\logistic_regression_probabilities.csv
6,decision_tree,False,0.1212,0.0,0,G:\Programming\xai\models\seed_6\decision_tree.pkl,G:\Programming\xai\results\03_model_training\seed_6\decision_tree_predictions.csv,G:\Programming\xai\results\03_model_training\seed_6\decision_tree_probabilities.csv
6,random_forest,False,0.6604,0.0776,0,G:\Programming\xai\models\seed_6\random_forest.pkl,G:\Programming\xai\results\03_model_training\seed_6\random_forest_predictions.csv,G:\Programming\xai\results\03_model_training\seed_6\random_forest_probabilities.csv
6,mlp,False,1.9219,0.005,0,G:\Programming\xai\models\seed_6\mlp.pkl,G:\Programming\xai\results\03_model_training\seed_6\mlp_predictions.csv,G:\Programming\xai\results\03_model_training\seed_6\mlp_probabilities.csv
7,logistic_regression,False,0.1572,0.0019,0,G:\Programming\xai\models\seed_7\logistic_regression.pkl,G:\Programming\xai\results\03_model_training\seed_7\logistic_regression_predictions.csv,G:\Programming\xai\results\03_model_training\seed_7\logistic_regression_probabilities.csv
7,decision_tree,False,0.1282,0.0,0,G:\Programming\xai\models\seed_7\decision_tree.pkl,G:\Programming\xai\results\03_model_training\seed_7\decision_tree_predictions.csv,G:\Programming\xai\results\03_model_training\seed_7\decision_tree_probabilities.csv
7,random_forest,False,0.7551,0.0825,0,G:\Programming\xai\models\seed_7\random_forest.pkl,G:\Programming\xai\results\03_model_training\seed_7\random_forest_predictions.csv,G:\Programming\xai\results\03_model_training\seed_7\random_forest_probabilities.csv
7,mlp,False,1.7673,0.003,0,G:\Programming\xai\models\seed_7\mlp.pkl,G:\Programming\xai\results\03_model_training\seed_7\mlp_predictions.csv,G:\Programming\xai\results\03_model_training\seed_7\mlp_probabilities.csv
8,logistic_regression,False,0.1722,0.0111,0,G:\Programming\xai\models\seed_8\logistic_regression.pkl,G:\Programming\xai\results\03_model_training\seed_8\logistic_regression_predictions.csv,G:\Programming\xai\results\03_model_training\seed_8\logistic_regression_probabilities.csv
8,decision_tree,False,0.1286,0.0,0,G:\Programming\xai\models\seed_8\decision_tree.pkl,G:\Programming\xai\results\03_model_training\seed_8\decision_tree_predictions.csv,G:\Programming\xai\results\03_model_training\seed_8\decision_tree_probabilities.csv
8,random_forest,False,0.8003,0.0711,0,G:\Programming\xai\models\seed_8\random_forest.pkl,G:\Programming\xai\results\03_model_training\seed_8\random_forest_predictions.csv,G:\Programming\xai\results\03_model_training\seed_8\random_forest_probabilities.csv
8,mlp,False,1.08,0.0056,0,G:\Programming\xai\models\seed_8\mlp.pkl,G:\Programming\xai\results\03_model_training\seed_8\mlp_predictions.csv,G:\Programming\xai\results\03_model_training\seed_8\mlp_probabilities.csv
9,logistic_regression,False,0.2,0.0,0,G:\Programming\xai\models\seed_9\logistic_regression.pkl,G:\Programming\xai\results\03_model_training\seed_9\logistic_regression_predictions.csv,G:\Programming\xai\results\03_model_training\seed_9\logistic_regression_probabilities.csv
9,decision_tree,False,0.1278,0.0016,0,G:\Programming\xai\models\seed_9\decision_tree.pkl,G:\Programming\xai\results\03_model_training\seed_9\decision_tree_predictions.csv,G:\Programming\xai\results\03_model_training\seed_9\decision_tree_probabilities.csv
9,random_forest,False,0.8954,0.0824,0,G:\Programming\xai\models\seed_9\random_forest.pkl,G:\Programming\xai\results\03_model_training\seed_9\random_forest_predictions.csv,G:\Programming\xai\results\03_model_training\seed_9\random_forest_probabilities.csv
9,mlp,False,1.468,0.0071,0,G:\Programming\xai\models\seed_9\mlp.pkl,G:\Programming\xai\results\03_model_training\seed_9\mlp_predictions.csv,G:\Programming\xai\results\03_model_training\seed_9\mlp_probabilities.csv
10,logistic_regression,False,0.1953,0.0012,0,G:\Programming\xai\models\seed_10\logistic_regression.pkl,G:\Programming\xai\results\03_model_training\seed_10\logistic_regression_predictions.csv,G:\Programming\xai\results\03_model_training\seed_10\logistic_regression_probabilities.csv
10,decision_tree,False,0.1264,0.0029,0,G:\Programming\xai\models\seed_10\decision_tree.pkl,G:\Programming\xai\results\03_model_training\seed_10\decision_tree_predictions.csv,G:\Programming\xai\results\03_model_training\seed_10\decision_tree_probabilities.csv
10,random_forest,False,1.0232,0.0951,0,G:\Programming\xai\models\seed_10\random_forest.pkl,G:\Programming\xai\results\03_model_training\seed_10\random_forest_predictions.csv,G:\Programming\xai\results\03_model_training\seed_10\random_forest_probabilities.csv
10,mlp,False,3.4748,0.004,0,G:\Programming\xai\models\seed_10\mlp.pkl,G:\Programming\xai\results\03_model_training\seed_10\mlp_predictions.csv,G:\Programming\xai\results\03_model_training\seed_10\mlp_probabilities.csv
