seed,model_name,sample_id,true_label,predicted_label
3,random_forest,1223,5,5
3,random_forest,11769,3,3
3,random_forest,12059,3,3
3,random_forest,7126,4,4
3,random_forest,638,5,5
3,random_forest,13211,3,3
3,random_forest,12549,3,3
3,random_forest,10682,3,3
3,random_forest,2639,0,0
3,random_forest,11764,3,3
3,random_forest,10311,3,3
3,random_forest,1606,5,5
3,random_forest,10888,3,3
3,random_forest,13206,3,3
3,random_forest,1755,5,5
3,random_forest,8677,6,6
3,random_forest,6761,4,4
3,random_forest,10611,3,3
3,random_forest,13061,3,3
3,random_forest,9005,6,6
3,random_forest,10789,3,3
3,random_forest,7761,6,6
3,random_forest,289,5,5
3,random_forest,12370,3,3
3,random_forest,6968,4,4
3,random_forest,1721,5,5
3,random_forest,6805,4,4
3,random_forest,1890,5,5
3,random_forest,3758,1,1
3,random_forest,6354,4,4
3,random_forest,9741,6,6
3,random_forest,5171,2,2
3,random_forest,2726,0,0
3,random_forest,50,5,5
3,random_forest,7845,6,6
3,random_forest,2257,0,0
3,random_forest,11131,3,3
3,random_forest,4829,2,2
3,random_forest,9577,6,6
3,random_forest,8329,6,6
3,random_forest,6061,4,4
3,random_forest,3405,1,1
3,random_forest,1795,5,5
3,random_forest,6510,4,4
3,random_forest,2322,0,0
3,random_forest,7750,6,6
3,random_forest,6779,4,4
3,random_forest,8012,6,6
3,random_forest,1844,5,6
3,random_forest,8476,6,6
3,random_forest,9209,6,6
3,random_forest,2008,5,0
3,random_forest,3792,1,1
3,random_forest,1169,5,5
3,random_forest,13514,3,6
3,random_forest,6575,4,6
3,random_forest,9409,6,6
3,random_forest,4500,2,2
3,random_forest,3558,1,1
3,random_forest,5069,2,2
3,random_forest,12381,3,3
3,random_forest,11994,3,3
3,random_forest,5312,2,2
3,random_forest,2736,0,0
3,random_forest,3509,1,1
3,random_forest,6516,4,4
3,random_forest,2591,0,2
3,random_forest,5599,4,4
3,random_forest,3976,2,4
3,random_forest,4781,2,2
3,random_forest,7684,6,6
3,random_forest,4534,2,2
3,random_forest,112,5,5
3,random_forest,3984,2,2
3,random_forest,4000,2,2
3,random_forest,7209,4,4
3,random_forest,6790,4,4
3,random_forest,1276,5,5
3,random_forest,3316,0,0
3,random_forest,12377,3,3
3,random_forest,10403,3,3
3,random_forest,886,5,5
3,random_forest,6246,4,4
3,random_forest,13071,3,3
3,random_forest,11246,3,3
3,random_forest,3103,0,0
3,random_forest,12789,3,3
3,random_forest,5647,4,4
3,random_forest,4532,2,2
3,random_forest,228,5,5
3,random_forest,11230,3,3
3,random_forest,12610,3,3
3,random_forest,1812,5,5
3,random_forest,7267,4,4
3,random_forest,6490,4,4
3,random_forest,3497,1,1
3,random_forest,10529,3,3
3,random_forest,2832,0,0
3,random_forest,875,5,5
3,random_forest,8611,6,6
3,random_forest,11553,3,3
3,random_forest,2303,0,0
3,random_forest,5825,4,4
3,random_forest,9570,6,6
3,random_forest,10163,3,3
3,random_forest,4732,2,2
3,random_forest,12784,3,3
3,random_forest,3970,2,2
3,random_forest,3821,1,1
3,random_forest,8999,6,6
3,random_forest,5087,2,2
3,random_forest,8917,6,5
3,random_forest,12089,3,3
3,random_forest,2897,0,0
3,random_forest,8019,6,6
3,random_forest,4834,2,2
3,random_forest,11272,3,3
3,random_forest,8362,6,6
3,random_forest,12012,3,3
3,random_forest,8605,6,6
3,random_forest,12760,3,3
3,random_forest,5011,2,2
3,random_forest,12551,3,3
3,random_forest,10109,3,3
3,random_forest,2310,0,0
3,random_forest,13491,3,6
3,random_forest,2790,0,2
3,random_forest,2433,0,0
3,random_forest,10036,3,3
3,random_forest,6497,4,4
3,random_forest,6191,4,4
3,random_forest,12253,3,3
3,random_forest,8690,6,6
3,random_forest,8795,6,6
3,random_forest,9949,6,6
3,random_forest,10625,3,3
3,random_forest,8144,6,6
3,random_forest,5982,4,4
3,random_forest,12828,3,3
3,random_forest,6198,4,4
3,random_forest,7633,6,6
3,random_forest,551,5,5
3,random_forest,1658,5,5
3,random_forest,2802,0,0
3,random_forest,8760,6,6
3,random_forest,10689,3,3
3,random_forest,5571,4,4
3,random_forest,12304,3,3
3,random_forest,7923,6,6
3,random_forest,5197,2,2
3,random_forest,13409,3,6
3,random_forest,12169,3,3
3,random_forest,6348,4,4
3,random_forest,3683,1,1
3,random_forest,9767,6,6
3,random_forest,5295,2,2
3,random_forest,8782,6,6
3,random_forest,5504,4,4
3,random_forest,11688,3,3
3,random_forest,13118,3,3
3,random_forest,4152,2,2
3,random_forest,11042,3,3
3,random_forest,1685,5,5
3,random_forest,9343,6,6
3,random_forest,4140,2,2
3,random_forest,7372,6,3
3,random_forest,7595,6,3
3,random_forest,7588,6,6
3,random_forest,5721,4,4
3,random_forest,4761,2,2
3,random_forest,8620,6,6
3,random_forest,848,5,5
3,random_forest,5979,4,4
3,random_forest,8874,6,6
3,random_forest,3437,1,1
3,random_forest,11773,3,3
3,random_forest,12214,3,3
3,random_forest,8649,6,6
3,random_forest,6668,4,4
3,random_forest,2862,0,0
3,random_forest,4590,2,2
3,random_forest,433,5,5
3,random_forest,13499,3,3
3,random_forest,3563,1,1
3,random_forest,10697,3,3
3,random_forest,241,5,5
3,random_forest,9111,6,6
3,random_forest,3771,1,1
3,random_forest,788,5,5
3,random_forest,9385,6,6
3,random_forest,2918,0,0
3,random_forest,2157,0,0
3,random_forest,2573,0,2
3,random_forest,12497,3,3
3,random_forest,4787,2,2
3,random_forest,7074,4,4
3,random_forest,12321,3,3
3,random_forest,5274,2,2
3,random_forest,12656,3,3
3,random_forest,6552,4,4
3,random_forest,323,5,5
3,random_forest,7455,6,6
3,random_forest,823,5,5
3,random_forest,12158,3,3
3,random_forest,8119,6,6
3,random_forest,4146,2,2
3,random_forest,11600,3,3
3,random_forest,266,5,5
3,random_forest,11911,3,3
3,random_forest,8319,6,6
3,random_forest,9860,6,6
3,random_forest,12176,3,3
3,random_forest,12318,3,3
3,random_forest,550,5,5
3,random_forest,8702,6,6
3,random_forest,4021,2,2
3,random_forest,12935,3,3
3,random_forest,7604,6,6
3,random_forest,13412,3,5
3,random_forest,2496,0,0
3,random_forest,11670,3,3
3,random_forest,1336,5,5
3,random_forest,5411,2,2
3,random_forest,11286,3,3
3,random_forest,13213,3,5
3,random_forest,1364,5,5
3,random_forest,699,5,5
3,random_forest,5880,4,4
3,random_forest,6278,4,4
3,random_forest,11064,3,3
3,random_forest,9334,6,6
3,random_forest,7880,6,6
3,random_forest,2577,0,0
3,random_forest,12434,3,3
3,random_forest,13081,3,3
3,random_forest,11805,3,3
3,random_forest,10885,3,3
3,random_forest,10948,3,3
3,random_forest,3713,1,1
3,random_forest,3273,0,0
3,random_forest,12642,3,3
3,random_forest,11736,3,3
3,random_forest,822,5,5
3,random_forest,6775,4,4
3,random_forest,9171,6,6
3,random_forest,1346,5,5
3,random_forest,9903,6,6
3,random_forest,3719,1,1
3,random_forest,3181,0,0
3,random_forest,11410,3,3
3,random_forest,9114,6,6
3,random_forest,13039,3,3
3,random_forest,4462,2,0
3,random_forest,1193,5,5
3,random_forest,600,5,5
3,random_forest,3880,2,6
3,random_forest,4879,2,2
3,random_forest,2547,0,0
3,random_forest,1623,5,5
3,random_forest,7441,6,3
3,random_forest,12503,3,3
3,random_forest,1876,5,5
3,random_forest,6669,4,4
3,random_forest,10365,3,3
3,random_forest,7906,6,3
3,random_forest,3575,1,1
3,random_forest,6132,4,4
3,random_forest,2650,0,0
3,random_forest,6667,4,4
3,random_forest,2372,0,0
3,random_forest,2890,0,0
3,random_forest,6024,4,4
3,random_forest,9170,6,6
3,random_forest,6568,4,4
3,random_forest,11085,3,3
3,random_forest,8002,6,6
3,random_forest,4026,2,2
3,random_forest,11059,3,3
3,random_forest,9573,6,6
3,random_forest,7638,6,3
3,random_forest,4721,2,2
3,random_forest,9030,6,6
3,random_forest,10516,3,3
3,random_forest,11120,3,3
3,random_forest,2796,0,0
3,random_forest,2161,0,6
3,random_forest,83,5,5
3,random_forest,7742,6,6
3,random_forest,1773,5,5
3,random_forest,10231,3,3
3,random_forest,8006,6,6
3,random_forest,652,5,5
3,random_forest,9336,6,6
3,random_forest,5466,2,2
3,random_forest,7144,4,2
3,random_forest,6762,4,4
3,random_forest,4234,2,2
3,random_forest,3697,1,1
3,random_forest,11360,3,3
3,random_forest,10869,3,3
3,random_forest,11486,3,3
3,random_forest,1309,5,5
3,random_forest,2619,0,2
3,random_forest,3207,0,0
3,random_forest,5246,2,2
3,random_forest,4845,2,2
3,random_forest,6632,4,4
3,random_forest,3395,1,1
3,random_forest,8840,6,6
3,random_forest,5731,4,4
3,random_forest,1293,5,5
3,random_forest,5200,2,2
3,random_forest,3364,1,1
3,random_forest,6197,4,4
3,random_forest,5218,2,2
3,random_forest,3485,1,1
3,random_forest,6178,4,4
3,random_forest,320,5,5
3,random_forest,7727,6,3
3,random_forest,4056,2,2
3,random_forest,8116,6,5
3,random_forest,1100,5,5
3,random_forest,12185,3,3
3,random_forest,6656,4,4
3,random_forest,93,5,5
3,random_forest,2177,0,0
3,random_forest,5123,2,2
3,random_forest,6738,4,4
3,random_forest,5590,4,4
3,random_forest,7907,6,6
3,random_forest,5651,4,4
3,random_forest,874,5,5
3,random_forest,6509,4,4
3,random_forest,1823,5,5
3,random_forest,2028,0,3
3,random_forest,10184,3,3
3,random_forest,6463,4,4
3,random_forest,8380,6,6
3,random_forest,9757,6,6
3,random_forest,12406,3,3
3,random_forest,7279,4,2
3,random_forest,6879,4,4
3,random_forest,5350,2,2
3,random_forest,10101,3,3
3,random_forest,5519,4,4
3,random_forest,10424,3,3
3,random_forest,6770,4,4
3,random_forest,9200,6,6
3,random_forest,3022,0,0
3,random_forest,8183,6,6
3,random_forest,301,5,5
3,random_forest,797,5,3
3,random_forest,1853,5,5
3,random_forest,3159,0,0
3,random_forest,10212,3,3
3,random_forest,7368,6,3
3,random_forest,3678,1,1
3,random_forest,4904,2,2
3,random_forest,5754,4,4
3,random_forest,6692,4,4
3,random_forest,7938,6,6
3,random_forest,9254,6,6
3,random_forest,8943,6,6
3,random_forest,6304,4,4
3,random_forest,274,5,5
3,random_forest,13256,3,3
3,random_forest,8906,6,6
3,random_forest,12339,3,3
3,random_forest,4557,2,2
3,random_forest,11589,3,3
3,random_forest,1702,5,5
3,random_forest,9291,6,6
3,random_forest,8549,6,6
3,random_forest,3043,0,0
3,random_forest,12691,3,3
3,random_forest,3078,0,0
3,random_forest,8909,6,6
3,random_forest,12204,3,3
3,random_forest,6882,4,4
3,random_forest,12777,3,3
3,random_forest,2040,0,6
3,random_forest,10427,3,3
3,random_forest,1367,5,5
3,random_forest,6731,4,4
3,random_forest,3278,0,0
3,random_forest,5545,4,4
3,random_forest,12383,3,3
3,random_forest,4712,2,2
3,random_forest,2769,0,0
3,random_forest,3649,1,1
3,random_forest,10612,3,3
3,random_forest,5452,2,0
3,random_forest,10970,3,3
3,random_forest,12003,3,3
3,random_forest,3039,0,0
3,random_forest,11920,3,3
3,random_forest,10925,3,3
3,random_forest,6044,4,4
3,random_forest,7642,6,3
3,random_forest,5027,2,2
3,random_forest,6641,4,4
3,random_forest,12075,3,3
3,random_forest,8184,6,6
3,random_forest,7832,6,3
3,random_forest,700,5,5
3,random_forest,10471,3,3
3,random_forest,12825,3,3
3,random_forest,8730,6,6
3,random_forest,9276,6,6
3,random_forest,9954,6,6
3,random_forest,1176,5,5
3,random_forest,7967,6,6
3,random_forest,10496,3,3
3,random_forest,5986,4,4
3,random_forest,10208,3,3
3,random_forest,5117,2,2
3,random_forest,8191,6,6
3,random_forest,9054,6,5
3,random_forest,5467,2,2
3,random_forest,5882,4,4
3,random_forest,10677,3,3
3,random_forest,12652,3,3
3,random_forest,11346,3,3
3,random_forest,12649,3,3
3,random_forest,4622,2,2
3,random_forest,10323,3,3
3,random_forest,705,5,5
3,random_forest,2824,0,0
3,random_forest,7276,4,4
3,random_forest,5252,2,2
3,random_forest,4448,2,2
3,random_forest,9905,6,6
3,random_forest,7870,6,6
3,random_forest,11096,3,3
3,random_forest,3087,0,0
3,random_forest,4391,2,2
3,random_forest,2216,0,0
3,random_forest,8668,6,6
3,random_forest,12735,3,3
3,random_forest,3052,0,0
3,random_forest,74,5,5
3,random_forest,1656,5,5
3,random_forest,1343,5,5
3,random_forest,6685,4,4
3,random_forest,2170,0,0
3,random_forest,8355,6,6
3,random_forest,5961,4,4
3,random_forest,339,5,5
3,random_forest,2669,0,0
3,random_forest,4163,2,2
3,random_forest,11694,3,3
3,random_forest,688,5,5
3,random_forest,11101,3,3
3,random_forest,11387,3,3
3,random_forest,5015,2,2
3,random_forest,8557,6,6
3,random_forest,467,5,5
3,random_forest,4194,2,2
3,random_forest,13158,3,3
3,random_forest,8239,6,6
3,random_forest,7770,6,6
3,random_forest,13351,3,6
3,random_forest,9316,6,6
3,random_forest,454,5,5
3,random_forest,9732,6,6
3,random_forest,2047,0,5
3,random_forest,12892,3,3
3,random_forest,8901,6,6
3,random_forest,13127,3,3
3,random_forest,9426,6,6
3,random_forest,5387,2,2
3,random_forest,6587,4,4
3,random_forest,4297,2,2
3,random_forest,4842,2,2
3,random_forest,6356,4,4
3,random_forest,7541,6,6
3,random_forest,11743,3,3
3,random_forest,2430,0,0
3,random_forest,1726,5,5
3,random_forest,2668,0,2
3,random_forest,325,5,5
3,random_forest,10976,3,3
3,random_forest,9977,6,4
3,random_forest,12747,3,3
3,random_forest,11073,3,3
3,random_forest,1320,5,5
3,random_forest,3199,0,0
3,random_forest,13164,3,6
3,random_forest,3065,0,2
3,random_forest,2482,0,0
3,random_forest,3739,1,1
3,random_forest,5188,2,2
3,random_forest,2986,0,0
3,random_forest,11979,3,3
3,random_forest,5946,4,4
3,random_forest,12472,3,3
3,random_forest,4267,2,2
3,random_forest,400,5,5
3,random_forest,593,5,5
3,random_forest,3826,1,1
3,random_forest,3047,0,0
3,random_forest,11124,3,3
3,random_forest,9595,6,6
3,random_forest,6926,4,4
3,random_forest,8594,6,6
3,random_forest,11516,3,3
3,random_forest,11819,3,3
3,random_forest,9546,6,6
3,random_forest,614,5,5
3,random_forest,12597,3,5
3,random_forest,5934,4,4
3,random_forest,10019,3,3
3,random_forest,11929,3,3
3,random_forest,10644,3,3
3,random_forest,12921,3,3
3,random_forest,6625,4,4
3,random_forest,1778,5,5
3,random_forest,13073,3,3
3,random_forest,966,5,5
3,random_forest,6362,4,4
3,random_forest,5899,4,4
3,random_forest,10108,3,3
3,random_forest,691,5,5
3,random_forest,2048,0,6
3,random_forest,2091,0,0
3,random_forest,9750,6,6
3,random_forest,4621,2,2
3,random_forest,322,5,5
3,random_forest,6824,4,4
3,random_forest,2818,0,0
3,random_forest,6321,4,4
3,random_forest,13374,3,3
3,random_forest,1767,5,5
3,random_forest,12000,3,3
3,random_forest,9749,6,6
3,random_forest,8657,6,6
3,random_forest,13523,3,3
3,random_forest,9021,6,6
3,random_forest,13293,3,3
3,random_forest,820,5,5
3,random_forest,9814,6,6
3,random_forest,1648,5,5
3,random_forest,6604,4,4
3,random_forest,5794,4,4
3,random_forest,4757,2,2
3,random_forest,10868,3,3
3,random_forest,11626,3,3
3,random_forest,4213,2,2
3,random_forest,8123,6,6
3,random_forest,3724,1,1
3,random_forest,3827,1,1
3,random_forest,13542,3,6
3,random_forest,461,5,5
3,random_forest,2883,0,2
3,random_forest,3374,1,1
3,random_forest,12933,3,3
3,random_forest,2289,0,0
3,random_forest,48,5,5
3,random_forest,9050,6,6
3,random_forest,5751,4,4
3,random_forest,10039,3,3
3,random_forest,3618,1,1
3,random_forest,4812,2,2
3,random_forest,7509,6,3
3,random_forest,11846,3,3
3,random_forest,1102,5,5
3,random_forest,3210,0,0
3,random_forest,6052,4,4
3,random_forest,7235,4,4
3,random_forest,6582,4,4
3,random_forest,8180,6,6
3,random_forest,6677,4,4
3,random_forest,10286,3,3
3,random_forest,9117,6,6
3,random_forest,11079,3,3
3,random_forest,4451,2,2
3,random_forest,851,5,5
3,random_forest,8076,6,6
3,random_forest,154,5,5
3,random_forest,12327,3,3
3,random_forest,2428,0,0
3,random_forest,10274,3,3
3,random_forest,12456,3,3
3,random_forest,7626,6,3
3,random_forest,6921,4,4
3,random_forest,5192,2,2
3,random_forest,4168,2,2
3,random_forest,2224,0,0
3,random_forest,1209,5,5
3,random_forest,13234,3,6
3,random_forest,11177,3,3
3,random_forest,22,5,5
3,random_forest,4789,2,2
3,random_forest,8855,6,5
3,random_forest,12148,3,3
3,random_forest,5308,2,2
3,random_forest,11984,3,3
3,random_forest,9159,6,6
3,random_forest,3192,0,0
3,random_forest,2511,0,0
3,random_forest,5248,2,2
3,random_forest,11121,3,3
3,random_forest,6194,4,4
3,random_forest,9148,6,6
3,random_forest,9540,6,6
3,random_forest,5697,4,4
3,random_forest,1729,5,5
3,random_forest,712,5,5
3,random_forest,10221,3,3
3,random_forest,9893,6,6
3,random_forest,12820,3,3
3,random_forest,1236,5,5
3,random_forest,7995,6,6
3,random_forest,12445,3,3
3,random_forest,988,5,5
3,random_forest,4182,2,2
3,random_forest,6566,4,4
3,random_forest,11623,3,3
3,random_forest,2672,0,0
3,random_forest,4983,2,2
3,random_forest,5100,2,2
3,random_forest,7702,6,3
3,random_forest,5592,4,4
3,random_forest,376,5,5
3,random_forest,10670,3,3
3,random_forest,2080,0,5
3,random_forest,12466,3,3
3,random_forest,11957,3,3
3,random_forest,8190,6,6
3,random_forest,4902,2,2
3,random_forest,13494,3,3
3,random_forest,10671,3,3
3,random_forest,3531,1,1
3,random_forest,10354,3,3
3,random_forest,9191,6,6
3,random_forest,7631,6,6
3,random_forest,11102,3,3
3,random_forest,8473,6,6
3,random_forest,1640,5,5
3,random_forest,1699,5,6
3,random_forest,11290,3,3
3,random_forest,2012,5,5
3,random_forest,996,5,5
3,random_forest,9720,6,6
3,random_forest,6695,4,4
3,random_forest,6693,4,4
3,random_forest,10661,3,3
3,random_forest,7452,6,3
3,random_forest,5228,2,2
3,random_forest,12405,3,3
3,random_forest,529,5,5
3,random_forest,1943,5,5
3,random_forest,8378,6,6
3,random_forest,9444,6,6
3,random_forest,11585,3,3
3,random_forest,6245,4,4
3,random_forest,3666,1,1
3,random_forest,809,5,5
3,random_forest,7753,6,6
3,random_forest,2256,0,0
3,random_forest,8618,6,6
3,random_forest,13484,3,6
3,random_forest,2710,0,0
3,random_forest,4364,2,2
3,random_forest,4501,2,2
3,random_forest,326,5,5
3,random_forest,5807,4,4
3,random_forest,5057,2,2
3,random_forest,8975,6,4
3,random_forest,12724,3,3
3,random_forest,7898,6,6
3,random_forest,9269,6,6
3,random_forest,7481,6,3
3,random_forest,11749,3,3
3,random_forest,13122,3,3
3,random_forest,12829,3,3
3,random_forest,9132,6,6
3,random_forest,6400,4,4
3,random_forest,352,5,5
3,random_forest,4360,2,2
3,random_forest,12604,3,3
3,random_forest,7628,6,5
3,random_forest,4561,2,2
3,random_forest,1315,5,5
3,random_forest,2537,0,0
3,random_forest,140,5,5
3,random_forest,7054,4,4
3,random_forest,9636,6,6
3,random_forest,11377,3,3
3,random_forest,10943,3,3
3,random_forest,5072,2,2
3,random_forest,8026,6,6
3,random_forest,8646,6,6
3,random_forest,7434,6,3
3,random_forest,869,5,5
3,random_forest,7340,4,2
3,random_forest,13150,3,3
3,random_forest,9911,6,6
3,random_forest,9951,6,6
3,random_forest,955,5,5
3,random_forest,5525,4,4
3,random_forest,12632,3,3
3,random_forest,4340,2,0
3,random_forest,6073,4,4
3,random_forest,6416,4,4
3,random_forest,1150,5,5
3,random_forest,10815,3,3
3,random_forest,10655,3,3
3,random_forest,8289,6,6
3,random_forest,10909,3,3
3,random_forest,11461,3,3
3,random_forest,5187,2,2
3,random_forest,1013,5,5
3,random_forest,8798,6,6
3,random_forest,7125,4,4
3,random_forest,7505,6,3
3,random_forest,4906,2,2
3,random_forest,1067,5,5
3,random_forest,9245,6,6
3,random_forest,7457,6,3
3,random_forest,2464,0,0
3,random_forest,2978,0,0
3,random_forest,13396,3,6
3,random_forest,12758,3,3
3,random_forest,7659,6,6
3,random_forest,9199,6,6
3,random_forest,5656,4,4
3,random_forest,8471,6,6
3,random_forest,7518,6,3
3,random_forest,9204,6,6
3,random_forest,375,5,5
3,random_forest,414,5,5
3,random_forest,9342,6,6
3,random_forest,9197,6,6
3,random_forest,1269,5,5
3,random_forest,2983,0,0
3,random_forest,8392,6,6
3,random_forest,2468,0,0
3,random_forest,9089,6,6
3,random_forest,9162,6,6
3,random_forest,3157,0,0
3,random_forest,4205,2,2
3,random_forest,1386,5,5
3,random_forest,9509,6,6
3,random_forest,9309,6,6
3,random_forest,1963,5,5
3,random_forest,10859,3,3
3,random_forest,3236,0,0
3,random_forest,9469,6,6
3,random_forest,4686,2,2
3,random_forest,11672,3,3
3,random_forest,9226,6,6
3,random_forest,11211,3,3
3,random_forest,626,5,5
3,random_forest,453,5,5
3,random_forest,9255,6,6
3,random_forest,7063,4,4
3,random_forest,2020,5,5
3,random_forest,8568,6,6
3,random_forest,4880,2,2
3,random_forest,4707,2,2
3,random_forest,10857,3,3
3,random_forest,13519,3,6
3,random_forest,9223,6,6
3,random_forest,12676,3,3
3,random_forest,7955,6,6
3,random_forest,5402,2,2
3,random_forest,6993,4,4
3,random_forest,9006,6,6
3,random_forest,1627,5,5
3,random_forest,9583,6,6
3,random_forest,1651,5,5
3,random_forest,6486,4,4
3,random_forest,5922,4,4
3,random_forest,9556,6,6
3,random_forest,511,5,5
3,random_forest,4651,2,2
3,random_forest,1558,5,5
3,random_forest,4368,2,2
3,random_forest,7218,4,4
3,random_forest,8977,6,4
3,random_forest,7284,4,4
3,random_forest,13474,3,3
3,random_forest,13316,3,6
3,random_forest,4374,2,2
3,random_forest,6599,4,4
3,random_forest,6745,4,4
3,random_forest,9437,6,6
3,random_forest,3382,1,1
3,random_forest,11806,3,3
3,random_forest,13440,3,6
3,random_forest,12581,3,3
3,random_forest,3676,1,1
3,random_forest,9755,6,6
3,random_forest,9457,6,6
3,random_forest,10114,3,3
3,random_forest,12915,3,3
3,random_forest,12955,3,3
3,random_forest,8706,6,6
3,random_forest,12746,3,3
3,random_forest,6988,4,4
3,random_forest,13301,3,3
3,random_forest,8021,6,6
3,random_forest,176,5,5
3,random_forest,8122,6,6
3,random_forest,6116,4,4
3,random_forest,3869,1,1
3,random_forest,7207,4,4
3,random_forest,13460,3,5
3,random_forest,9651,6,6
3,random_forest,7327,4,4
3,random_forest,7833,6,6
3,random_forest,5114,2,2
3,random_forest,7815,6,6
3,random_forest,2774,0,0
3,random_forest,183,5,5
3,random_forest,12201,3,3
3,random_forest,4581,2,2
3,random_forest,8121,6,6
3,random_forest,2370,0,0
3,random_forest,5145,2,2
3,random_forest,12957,3,3
3,random_forest,9076,6,6
3,random_forest,4243,2,2
3,random_forest,5396,2,2
3,random_forest,4400,2,2
3,random_forest,12880,3,5
3,random_forest,8822,6,6
3,random_forest,2654,0,0
3,random_forest,5135,2,2
3,random_forest,2406,0,0
3,random_forest,7453,6,3
3,random_forest,5933,4,4
3,random_forest,10798,3,3
3,random_forest,716,5,5
3,random_forest,12137,3,3
3,random_forest,889,5,5
3,random_forest,12419,3,3
3,random_forest,9756,6,6
3,random_forest,2178,0,0
3,random_forest,9819,6,6
3,random_forest,1763,5,5
3,random_forest,6783,4,4
3,random_forest,3184,0,0
3,random_forest,9467,6,6
3,random_forest,8610,6,6
3,random_forest,4348,2,2
3,random_forest,11421,3,3
3,random_forest,133,5,5
3,random_forest,11702,3,3
3,random_forest,446,5,5
3,random_forest,11621,3,3
3,random_forest,12221,3,3
3,random_forest,11853,3,3
3,random_forest,9674,6,6
3,random_forest,6799,4,4
3,random_forest,5682,4,4
3,random_forest,5194,2,2
3,random_forest,10870,3,3
3,random_forest,11655,3,3
3,random_forest,10716,3,3
3,random_forest,13091,3,3
3,random_forest,7487,6,6
3,random_forest,6424,4,4
3,random_forest,7085,4,4
3,random_forest,1707,5,5
3,random_forest,3524,1,1
3,random_forest,605,5,5
3,random_forest,7152,4,4
3,random_forest,8564,6,6
3,random_forest,1670,5,5
3,random_forest,8051,6,6
3,random_forest,12480,3,3
3,random_forest,2551,0,0
3,random_forest,12233,3,3
3,random_forest,13488,3,6
3,random_forest,4174,2,2
3,random_forest,7571,6,3
3,random_forest,3392,1,1
3,random_forest,9027,6,6
3,random_forest,3134,0,0
3,random_forest,11947,3,3
3,random_forest,12521,3,3
3,random_forest,13327,3,3
3,random_forest,10990,3,3
3,random_forest,6090,4,4
3,random_forest,2493,0,0
3,random_forest,3083,0,0
3,random_forest,10940,3,3
3,random_forest,7323,4,4
3,random_forest,5782,4,4
3,random_forest,4514,2,2
3,random_forest,13418,3,6
3,random_forest,3621,1,1
3,random_forest,5115,2,2
3,random_forest,3330,0,0
3,random_forest,6460,4,4
3,random_forest,5585,4,4
3,random_forest,4454,2,2
3,random_forest,1484,5,5
3,random_forest,8652,6,6
3,random_forest,5112,2,2
3,random_forest,7131,4,4
3,random_forest,5836,4,4
3,random_forest,2429,0,0
3,random_forest,6782,4,4
3,random_forest,1141,5,5
3,random_forest,6411,4,4
3,random_forest,314,5,5
3,random_forest,10973,3,3
3,random_forest,8647,6,6
3,random_forest,4953,2,2
3,random_forest,804,5,5
3,random_forest,5800,4,4
3,random_forest,6934,4,2
3,random_forest,10489,3,3
3,random_forest,5479,2,2
3,random_forest,465,5,5
3,random_forest,4183,2,2
3,random_forest,2233,0,0
3,random_forest,248,5,5
3,random_forest,13078,3,3
3,random_forest,4215,2,2
3,random_forest,13423,3,3
3,random_forest,10416,3,3
3,random_forest,10448,3,3
3,random_forest,6612,4,4
3,random_forest,8751,6,6
3,random_forest,10664,3,3
3,random_forest,9858,6,6
3,random_forest,7190,4,4
3,random_forest,10133,3,3
3,random_forest,8860,6,6
3,random_forest,6938,4,4
3,random_forest,2139,0,0
3,random_forest,12435,3,3
3,random_forest,1428,5,5
3,random_forest,5747,4,4
3,random_forest,12599,3,3
3,random_forest,11108,3,3
3,random_forest,1616,5,5
3,random_forest,5220,2,2
3,random_forest,7426,6,3
3,random_forest,4737,2,2
3,random_forest,7828,6,6
3,random_forest,682,5,5
3,random_forest,11479,3,3
3,random_forest,8259,6,6
3,random_forest,10149,3,3
3,random_forest,6554,4,4
3,random_forest,6705,4,4
3,random_forest,10521,3,3
3,random_forest,12371,3,3
3,random_forest,8793,6,6
3,random_forest,12913,3,3
3,random_forest,12667,3,3
3,random_forest,1930,5,5
3,random_forest,11720,3,3
3,random_forest,10309,3,3
3,random_forest,7446,6,3
3,random_forest,2590,0,2
3,random_forest,12891,3,3
3,random_forest,13397,3,5
3,random_forest,10006,3,3
3,random_forest,9176,6,6
3,random_forest,3653,1,1
3,random_forest,12980,3,3
3,random_forest,12780,3,3
3,random_forest,4863,2,2
3,random_forest,3536,1,1
3,random_forest,12368,3,3
3,random_forest,11313,3,3
3,random_forest,6863,4,4
3,random_forest,2627,0,0
3,random_forest,4112,2,2
3,random_forest,2515,0,0
3,random_forest,6345,4,4
3,random_forest,8571,6,6
3,random_forest,1980,5,5
3,random_forest,11235,3,3
3,random_forest,5416,2,2
3,random_forest,12515,3,3
3,random_forest,5066,2,2
3,random_forest,588,5,5
3,random_forest,1175,5,5
3,random_forest,11719,3,3
3,random_forest,1880,5,5
3,random_forest,127,5,5
3,random_forest,8931,6,6
3,random_forest,4178,2,2
3,random_forest,2898,0,0
3,random_forest,10578,3,3
3,random_forest,4698,2,2
3,random_forest,4068,2,2
3,random_forest,13087,3,3
3,random_forest,5516,4,3
3,random_forest,2414,0,0
3,random_forest,480,5,5
3,random_forest,5053,2,2
3,random_forest,12533,3,3
3,random_forest,3173,0,0
3,random_forest,604,5,5
3,random_forest,557,5,5
3,random_forest,7824,6,6
3,random_forest,8163,6,6
3,random_forest,6902,4,4
3,random_forest,9648,6,6
3,random_forest,1720,5,5
3,random_forest,1066,5,5
3,random_forest,8911,6,6
3,random_forest,8232,6,6
3,random_forest,2479,0,0
3,random_forest,7992,6,6
3,random_forest,12608,3,3
3,random_forest,12772,3,3
3,random_forest,13452,3,6
3,random_forest,9046,6,6
3,random_forest,10061,3,3
3,random_forest,6283,4,4
3,random_forest,13451,3,3
3,random_forest,1478,5,5
3,random_forest,12770,3,3
3,random_forest,1666,5,5
3,random_forest,10302,3,3
3,random_forest,476,5,5
3,random_forest,13170,3,3
3,random_forest,4359,2,2
3,random_forest,10681,3,3
3,random_forest,5157,2,2
3,random_forest,1235,5,5
3,random_forest,1644,5,5
3,random_forest,2213,0,0
3,random_forest,12584,3,3
3,random_forest,10821,3,3
3,random_forest,2118,0,0
3,random_forest,6391,4,4
3,random_forest,1796,5,5
3,random_forest,4875,2,2
3,random_forest,11543,3,3
3,random_forest,4684,2,2
3,random_forest,2714,0,0
3,random_forest,4396,2,2
3,random_forest,12607,3,3
3,random_forest,11789,3,3
3,random_forest,10022,3,3
3,random_forest,12009,3,3
3,random_forest,4996,2,2
3,random_forest,447,5,5
3,random_forest,12654,3,3
3,random_forest,12532,3,3
3,random_forest,11478,3,3
3,random_forest,8520,6,6
3,random_forest,1684,5,5
3,random_forest,7835,6,6
3,random_forest,11225,3,3
3,random_forest,267,5,5
3,random_forest,6976,4,4
3,random_forest,5580,4,4
3,random_forest,1253,5,5
3,random_forest,9851,6,6
3,random_forest,3546,1,1
3,random_forest,6060,4,4
3,random_forest,6893,4,4
3,random_forest,9739,6,6
3,random_forest,8419,6,6
3,random_forest,12902,3,6
3,random_forest,1136,5,5
3,random_forest,686,5,5
3,random_forest,11148,3,3
3,random_forest,3839,1,1
3,random_forest,11008,3,3
3,random_forest,13490,3,6
3,random_forest,864,5,5
3,random_forest,10306,3,3
3,random_forest,10167,3,3
3,random_forest,197,5,3
3,random_forest,6933,4,4
3,random_forest,2708,0,0
3,random_forest,4779,2,2
3,random_forest,1057,5,5
3,random_forest,10891,3,3
3,random_forest,3242,0,0
3,random_forest,13411,3,6
3,random_forest,5455,2,2
3,random_forest,5468,2,2
3,random_forest,4838,2,2
3,random_forest,1427,5,5
3,random_forest,3271,0,0
3,random_forest,7165,4,4
3,random_forest,2016,5,6
3,random_forest,13487,3,3
3,random_forest,5323,2,2
3,random_forest,6417,4,4
3,random_forest,9620,6,6
3,random_forest,9919,6,6
3,random_forest,7523,6,3
3,random_forest,8996,6,6
3,random_forest,7657,6,6
3,random_forest,7217,4,4
3,random_forest,10554,3,3
3,random_forest,10453,3,3
3,random_forest,6436,4,4
3,random_forest,1088,5,5
3,random_forest,7421,6,3
3,random_forest,7244,4,4
3,random_forest,2907,0,0
3,random_forest,5464,2,2
3,random_forest,6363,4,4
3,random_forest,4616,2,2
3,random_forest,7769,6,6
3,random_forest,12198,3,3
3,random_forest,6517,4,4
3,random_forest,7287,4,4
3,random_forest,5921,4,4
3,random_forest,8858,6,6
3,random_forest,6366,4,4
3,random_forest,1926,5,5
3,random_forest,12975,3,3
3,random_forest,11756,3,3
3,random_forest,3500,1,1
3,random_forest,3228,0,0
3,random_forest,2904,0,2
3,random_forest,3465,1,1
3,random_forest,554,5,5
3,random_forest,2501,0,0
3,random_forest,7224,4,4
3,random_forest,3211,0,0
3,random_forest,11921,3,3
3,random_forest,13370,3,3
3,random_forest,8499,6,6
3,random_forest,11531,3,3
3,random_forest,9613,6,6
3,random_forest,1850,5,5
3,random_forest,8506,6,6
3,random_forest,2214,0,0
3,random_forest,5131,2,2
3,random_forest,12366,3,3
3,random_forest,9961,6,6
3,random_forest,10543,3,3
3,random_forest,1441,5,5
3,random_forest,3272,0,0
3,random_forest,6836,4,4
3,random_forest,3114,0,0
3,random_forest,2342,0,0
3,random_forest,702,5,5
3,random_forest,1352,5,5
3,random_forest,9203,6,6
3,random_forest,8479,6,5
3,random_forest,7332,4,2
3,random_forest,11491,3,3
3,random_forest,10512,3,3
3,random_forest,10866,3,3
3,random_forest,11,5,5
3,random_forest,11161,3,3
3,random_forest,7854,6,6
3,random_forest,10188,3,3
3,random_forest,9196,6,6
3,random_forest,12977,3,3
3,random_forest,4692,2,2
3,random_forest,5569,4,6
3,random_forest,8738,6,6
3,random_forest,8126,6,6
3,random_forest,8562,6,6
3,random_forest,7787,6,6
3,random_forest,5446,2,2
3,random_forest,3712,1,1
3,random_forest,4269,2,0
3,random_forest,5894,4,4
3,random_forest,10705,3,3
3,random_forest,7690,6,3
3,random_forest,4171,2,2
3,random_forest,10793,3,3
3,random_forest,3687,1,1
3,random_forest,3749,1,1
3,random_forest,9107,6,6
3,random_forest,4614,2,2
3,random_forest,4490,2,2
3,random_forest,4131,2,2
3,random_forest,3002,0,0
3,random_forest,8807,6,6
3,random_forest,12773,3,3
3,random_forest,2776,0,0
3,random_forest,13398,3,3
3,random_forest,3612,1,1
3,random_forest,5865,4,4
3,random_forest,56,5,5
3,random_forest,13358,3,6
3,random_forest,4563,2,2
3,random_forest,6415,4,4
3,random_forest,8723,6,6
3,random_forest,5235,2,2
3,random_forest,6094,4,4
3,random_forest,12907,3,3
3,random_forest,9313,6,6
3,random_forest,11587,3,3
3,random_forest,4653,2,0
3,random_forest,7493,6,6
3,random_forest,6168,4,4
3,random_forest,4365,2,2
3,random_forest,4897,2,2
3,random_forest,3846,1,1
3,random_forest,4817,2,2
3,random_forest,837,5,5
3,random_forest,8030,6,6
3,random_forest,2535,0,0
3,random_forest,6593,4,4
3,random_forest,2752,0,0
3,random_forest,3451,1,1
3,random_forest,3663,1,1
3,random_forest,13360,3,3
3,random_forest,11881,3,3
3,random_forest,7652,6,3
3,random_forest,7497,6,3
3,random_forest,10519,3,3
3,random_forest,5568,4,4
3,random_forest,4659,2,2
3,random_forest,6939,4,4
3,random_forest,9576,6,6
3,random_forest,7310,4,4
3,random_forest,12968,3,3
3,random_forest,8332,6,5
3,random_forest,10865,3,3
3,random_forest,7789,6,6
3,random_forest,10350,3,3
3,random_forest,5665,4,4
3,random_forest,1496,5,5
3,random_forest,3757,1,1
3,random_forest,4895,2,2
3,random_forest,1131,5,5
3,random_forest,1226,5,5
3,random_forest,2486,0,0
3,random_forest,1772,5,5
3,random_forest,9401,6,6
3,random_forest,8606,6,6
3,random_forest,7763,6,6
3,random_forest,91,5,5
3,random_forest,5549,4,6
3,random_forest,12751,3,3
3,random_forest,1691,5,5
3,random_forest,3113,0,0
3,random_forest,12118,3,3
3,random_forest,5892,4,4
3,random_forest,11132,3,3
3,random_forest,4854,2,2
3,random_forest,4729,2,2
3,random_forest,5038,2,2
3,random_forest,3170,0,0
3,random_forest,5343,2,2
3,random_forest,5275,2,2
3,random_forest,11904,3,3
3,random_forest,2775,0,0
3,random_forest,10371,3,3
3,random_forest,5689,4,4
3,random_forest,9764,6,6
3,random_forest,4857,2,2
3,random_forest,4558,2,2
3,random_forest,6717,4,4
3,random_forest,10253,3,3
3,random_forest,4251,2,2
3,random_forest,4206,2,2
3,random_forest,10736,3,3
3,random_forest,1029,5,5
3,random_forest,10846,3,3
3,random_forest,1179,5,5
3,random_forest,737,5,5
3,random_forest,5463,2,2
3,random_forest,4871,2,2
3,random_forest,3921,2,4
3,random_forest,12868,3,3
3,random_forest,1151,5,5
3,random_forest,9302,6,6
3,random_forest,8007,6,6
3,random_forest,4539,2,2
3,random_forest,9225,6,6
3,random_forest,4663,2,2
3,random_forest,12016,3,3
3,random_forest,5903,4,4
3,random_forest,1161,5,5
3,random_forest,13307,3,3
3,random_forest,13364,3,3
3,random_forest,8625,6,6
3,random_forest,830,5,5
3,random_forest,4022,2,2
3,random_forest,2713,0,0
3,random_forest,3250,0,0
3,random_forest,2280,0,0
3,random_forest,10487,3,3
3,random_forest,6491,4,4
3,random_forest,10996,3,3
3,random_forest,11503,3,3
3,random_forest,11887,3,3
3,random_forest,3955,2,2
3,random_forest,2604,0,0
3,random_forest,9463,6,6
3,random_forest,5511,4,4
3,random_forest,8131,6,6
3,random_forest,3989,2,2
3,random_forest,7673,6,3
3,random_forest,11677,3,3
3,random_forest,4423,2,2
3,random_forest,9742,6,6
3,random_forest,10074,3,3
3,random_forest,1382,5,5
3,random_forest,7397,6,3
3,random_forest,3373,1,1
3,random_forest,6803,4,4
3,random_forest,6498,4,4
3,random_forest,7527,6,3
3,random_forest,7805,6,3
3,random_forest,6774,4,4
3,random_forest,8757,6,6
3,random_forest,10696,3,3
3,random_forest,6241,4,4
3,random_forest,13113,3,3
3,random_forest,7957,6,6
3,random_forest,11917,3,3
3,random_forest,8876,6,6
3,random_forest,5928,4,4
3,random_forest,1674,5,5
3,random_forest,1376,5,5
3,random_forest,9708,6,6
3,random_forest,466,5,5
3,random_forest,910,5,5
3,random_forest,13165,3,3
3,random_forest,7935,6,6
3,random_forest,3755,1,1
3,random_forest,2910,0,0
3,random_forest,6960,4,4
3,random_forest,3352,1,1
3,random_forest,5255,2,2
3,random_forest,1462,5,5
3,random_forest,6820,4,4
3,random_forest,3564,1,1
3,random_forest,11522,3,3
3,random_forest,1596,5,5
3,random_forest,891,5,6
3,random_forest,2666,0,0
3,random_forest,3362,1,1
3,random_forest,3131,0,0
3,random_forest,8920,6,6
3,random_forest,7414,6,3
3,random_forest,4970,2,2
3,random_forest,768,5,5
3,random_forest,3720,1,1
3,random_forest,12452,3,3
3,random_forest,6115,4,4
3,random_forest,2148,0,0
3,random_forest,9222,6,6
3,random_forest,8074,6,6
3,random_forest,5361,2,2
3,random_forest,4822,2,2
3,random_forest,10485,3,3
3,random_forest,8099,6,6
3,random_forest,665,5,5
3,random_forest,8470,6,6
3,random_forest,2019,5,5
3,random_forest,4355,2,2
3,random_forest,270,5,5
3,random_forest,11906,3,3
3,random_forest,3891,2,4
3,random_forest,3920,2,2
3,random_forest,5726,4,4
3,random_forest,5120,2,2
3,random_forest,6835,4,4
3,random_forest,1216,5,5
3,random_forest,995,5,5
3,random_forest,2364,0,0
3,random_forest,11419,3,3
3,random_forest,6830,4,4
3,random_forest,5601,4,4
3,random_forest,11673,3,3
3,random_forest,714,5,5
3,random_forest,11748,3,3
3,random_forest,6595,4,4
3,random_forest,10258,3,3
3,random_forest,7064,4,4
3,random_forest,3548,1,1
3,random_forest,9341,6,6
3,random_forest,13145,3,3
3,random_forest,10080,3,3
3,random_forest,10183,3,3
3,random_forest,4290,2,2
3,random_forest,5640,4,4
3,random_forest,10880,3,3
3,random_forest,5098,2,2
3,random_forest,1659,5,5
3,random_forest,5332,2,2
3,random_forest,1356,5,5
3,random_forest,10492,3,3
3,random_forest,2064,0,5
3,random_forest,10082,3,3
3,random_forest,157,5,5
3,random_forest,5230,2,2
3,random_forest,2411,0,0
3,random_forest,9356,6,6
3,random_forest,10656,3,3
3,random_forest,6614,4,4
3,random_forest,11874,3,3
3,random_forest,783,5,5
3,random_forest,13101,3,3
3,random_forest,3651,1,1
3,random_forest,11280,3,3
3,random_forest,11988,3,3
3,random_forest,810,5,5
3,random_forest,1986,5,5
3,random_forest,6457,4,6
3,random_forest,729,5,5
3,random_forest,627,5,5
3,random_forest,4455,2,2
3,random_forest,11591,3,3
3,random_forest,3456,1,1
3,random_forest,10394,3,3
3,random_forest,10446,3,3
3,random_forest,10155,3,3
3,random_forest,7568,6,6
3,random_forest,4595,2,2
3,random_forest,11352,3,3
3,random_forest,11324,3,3
3,random_forest,2867,0,0
3,random_forest,9503,6,6
3,random_forest,5477,2,2
3,random_forest,5974,4,4
3,random_forest,3855,1,1
3,random_forest,9924,6,6
3,random_forest,2858,0,0
3,random_forest,6638,4,4
3,random_forest,3430,1,1
3,random_forest,3247,0,0
3,random_forest,12375,3,3
3,random_forest,6109,4,4
3,random_forest,7123,4,4
3,random_forest,10902,3,3
3,random_forest,1353,5,5
3,random_forest,8720,6,6
3,random_forest,261,5,5
3,random_forest,4959,2,2
3,random_forest,9239,6,0
3,random_forest,4330,2,2
3,random_forest,2114,0,6
3,random_forest,7526,6,3
3,random_forest,9220,6,6
3,random_forest,11088,3,3
3,random_forest,5985,4,4
3,random_forest,7701,6,6
3,random_forest,6256,4,4
3,random_forest,12243,3,3
3,random_forest,7202,4,2
3,random_forest,6911,4,4
3,random_forest,13197,3,6
3,random_forest,3387,1,1
3,random_forest,6949,4,4
3,random_forest,8207,6,6
3,random_forest,3138,0,0
3,random_forest,1075,5,5
3,random_forest,10410,3,3
3,random_forest,3996,2,2
3,random_forest,4507,2,2
3,random_forest,11831,3,3
3,random_forest,12271,3,3
3,random_forest,3109,0,0
3,random_forest,1810,5,5
3,random_forest,11143,3,3
3,random_forest,5041,2,2
3,random_forest,6025,4,4
3,random_forest,8897,6,6
3,random_forest,11261,3,3
3,random_forest,7852,6,6
3,random_forest,2982,0,0
3,random_forest,3614,1,1
3,random_forest,12705,3,3
3,random_forest,12917,3,3
3,random_forest,175,5,5
3,random_forest,5078,2,2
3,random_forest,4029,2,2
3,random_forest,1695,5,5
3,random_forest,1263,5,5
3,random_forest,2445,0,0
3,random_forest,4446,2,2
3,random_forest,6469,4,4
3,random_forest,160,5,5
3,random_forest,13136,3,3
3,random_forest,10179,3,3
3,random_forest,9154,6,6
3,random_forest,931,5,5
3,random_forest,10241,3,3
3,random_forest,6208,4,4
3,random_forest,12800,3,3
3,random_forest,2848,0,0
3,random_forest,9770,6,6
3,random_forest,13224,3,3
3,random_forest,11569,3,3
3,random_forest,5627,4,4
3,random_forest,7046,4,4
3,random_forest,10,5,5
3,random_forest,1929,5,5
3,random_forest,10352,3,3
3,random_forest,8196,6,6
3,random_forest,7532,6,3
3,random_forest,8695,6,6
3,random_forest,8497,6,6
3,random_forest,2173,0,0
3,random_forest,227,5,5
3,random_forest,3641,1,1
3,random_forest,7112,4,4
3,random_forest,8310,6,6
3,random_forest,2685,0,0
3,random_forest,7321,4,4
3,random_forest,13195,3,3
3,random_forest,965,5,5
3,random_forest,4841,2,2
3,random_forest,1363,5,5
3,random_forest,4657,2,2
3,random_forest,4277,2,2
3,random_forest,9311,6,6
3,random_forest,8073,6,6
3,random_forest,6985,4,4
3,random_forest,11310,3,3
3,random_forest,8025,6,6
3,random_forest,3294,0,0
3,random_forest,7838,6,6
3,random_forest,3355,1,1
3,random_forest,1103,5,5
3,random_forest,1445,5,5
3,random_forest,12045,3,3
3,random_forest,4727,2,2
3,random_forest,87,5,5
3,random_forest,1105,5,5
3,random_forest,9661,6,6
3,random_forest,1313,5,5
3,random_forest,11328,3,3
3,random_forest,4204,2,2
3,random_forest,10004,3,3
3,random_forest,356,5,5
3,random_forest,4762,2,2
3,random_forest,7041,4,4
3,random_forest,9059,6,6
3,random_forest,994,5,5
3,random_forest,3577,1,1
3,random_forest,5494,2,2
3,random_forest,5238,2,2
3,random_forest,7806,6,6
3,random_forest,6080,4,4
3,random_forest,6070,4,4
3,random_forest,7088,4,4
3,random_forest,4885,2,2
3,random_forest,2268,0,0
3,random_forest,13509,3,3
3,random_forest,10158,3,3
3,random_forest,8445,6,6
3,random_forest,8301,6,6
3,random_forest,1152,5,5
3,random_forest,13536,3,6
3,random_forest,12237,3,3
3,random_forest,9513,6,6
3,random_forest,4101,2,2
3,random_forest,9763,6,0
3,random_forest,1581,5,5
3,random_forest,6944,4,4
3,random_forest,9231,6,6
3,random_forest,5605,4,4
3,random_forest,11573,3,3
3,random_forest,1808,5,5
3,random_forest,6268,4,4
3,random_forest,3913,2,2
3,random_forest,9975,6,4
3,random_forest,4625,2,2
3,random_forest,5198,2,2
3,random_forest,3450,1,1
3,random_forest,9295,6,6
3,random_forest,3283,0,0
3,random_forest,3268,0,0
3,random_forest,5289,2,2
3,random_forest,1942,5,5
3,random_forest,9881,6,6
3,random_forest,195,5,5
3,random_forest,317,5,5
3,random_forest,4499,2,2
3,random_forest,9244,6,6
3,random_forest,410,5,5
3,random_forest,2061,0,0
3,random_forest,3139,0,0
3,random_forest,12227,3,3
3,random_forest,3290,0,0
3,random_forest,4383,2,2
3,random_forest,7799,6,6
3,random_forest,631,5,5
3,random_forest,2940,0,0
3,random_forest,2149,0,0
3,random_forest,8215,6,6
3,random_forest,3237,0,0
3,random_forest,1904,5,5
3,random_forest,355,5,5
3,random_forest,4531,2,2
3,random_forest,13005,3,3
3,random_forest,4188,2,2
3,random_forest,3884,2,6
3,random_forest,12494,3,3
3,random_forest,2320,0,0
3,random_forest,1402,5,6
3,random_forest,11622,3,3
3,random_forest,2881,0,2
3,random_forest,1907,5,5
3,random_forest,7330,4,4
3,random_forest,13202,3,3
3,random_forest,6889,4,4
3,random_forest,2667,0,0
3,random_forest,3872,2,5
3,random_forest,5537,4,3
3,random_forest,2544,0,2
3,random_forest,526,5,5
3,random_forest,3956,2,2
3,random_forest,6581,4,4
3,random_forest,4844,2,2
3,random_forest,11061,3,3
3,random_forest,4667,2,2
3,random_forest,1079,5,5
3,random_forest,1866,5,6
3,random_forest,11256,3,3
3,random_forest,2675,0,0
3,random_forest,11020,3,3
3,random_forest,11159,3,3
3,random_forest,6443,4,4
3,random_forest,11678,3,3
3,random_forest,6537,4,4
3,random_forest,9290,6,6
3,random_forest,11711,3,3
3,random_forest,4920,2,2
3,random_forest,5829,4,4
3,random_forest,11796,3,3
3,random_forest,5505,4,3
3,random_forest,4011,2,2
3,random_forest,1129,5,5
3,random_forest,13007,3,3
3,random_forest,8735,6,6
3,random_forest,11633,3,3
3,random_forest,1339,5,5
3,random_forest,6992,4,4
3,random_forest,4543,2,2
3,random_forest,12548,3,3
3,random_forest,6163,4,4
3,random_forest,11534,3,3
3,random_forest,5920,4,4
3,random_forest,3750,1,1
3,random_forest,12173,3,3
3,random_forest,6531,4,4
3,random_forest,9071,6,6
3,random_forest,12357,3,3
3,random_forest,10209,3,3
3,random_forest,6118,4,4
3,random_forest,1476,5,5
3,random_forest,12785,3,3
3,random_forest,3312,0,0
3,random_forest,7614,6,6
3,random_forest,10049,3,3
3,random_forest,12127,3,3
3,random_forest,7422,6,3
3,random_forest,10663,3,3
3,random_forest,750,5,5
3,random_forest,11934,3,3
3,random_forest,1637,5,5
3,random_forest,7092,4,4
3,random_forest,12834,3,3
3,random_forest,3772,1,1
3,random_forest,5755,4,4
3,random_forest,908,5,5
3,random_forest,10755,3,3
3,random_forest,6472,4,4
3,random_forest,3329,0,0
3,random_forest,8629,6,6
3,random_forest,10191,3,3
3,random_forest,11110,3,3
3,random_forest,5050,2,2
3,random_forest,6833,4,4
3,random_forest,11985,3,3
3,random_forest,138,5,5
3,random_forest,13319,3,3
3,random_forest,13381,3,6
3,random_forest,6763,4,4
3,random_forest,10657,3,3
3,random_forest,6629,4,4
3,random_forest,6860,4,4
3,random_forest,2686,0,0
3,random_forest,2746,0,0
3,random_forest,9185,6,6
3,random_forest,4963,2,2
3,random_forest,203,5,5
3,random_forest,6398,4,4
3,random_forest,6821,4,4
3,random_forest,9273,6,6
3,random_forest,11144,3,3
3,random_forest,4035,2,2
3,random_forest,9488,6,6
3,random_forest,1985,5,5
3,random_forest,470,5,5
3,random_forest,13204,3,3
3,random_forest,1688,5,5
3,random_forest,13322,3,6
3,random_forest,11852,3,3
3,random_forest,5110,2,2
3,random_forest,6272,4,4
3,random_forest,11099,3,3
3,random_forest,12811,3,3
3,random_forest,8778,6,6
3,random_forest,13461,3,3
3,random_forest,3446,1,1
3,random_forest,1526,5,5
3,random_forest,4254,2,0
3,random_forest,1310,5,5
3,random_forest,10229,3,3
3,random_forest,5853,4,4
3,random_forest,10270,3,3
3,random_forest,6292,4,4
3,random_forest,3152,0,0
3,random_forest,358,5,5
3,random_forest,13062,3,3
3,random_forest,2419,0,0
3,random_forest,13183,3,3
3,random_forest,7261,4,4
3,random_forest,8058,6,6
3,random_forest,13395,3,6
3,random_forest,11954,3,3
3,random_forest,2613,0,0
3,random_forest,3783,1,1
3,random_forest,6189,4,4
3,random_forest,13172,3,3
3,random_forest,7119,4,4
3,random_forest,2035,0,6
3,random_forest,11095,3,3
3,random_forest,3156,0,0
3,random_forest,6364,4,4
3,random_forest,5259,2,2
3,random_forest,11580,3,3
3,random_forest,7550,6,3
3,random_forest,11519,3,3
3,random_forest,8374,6,6
3,random_forest,2232,0,0
3,random_forest,9559,6,6
3,random_forest,13404,3,5
3,random_forest,5719,4,4
3,random_forest,10926,3,3
3,random_forest,10100,3,3
3,random_forest,12098,3,3
3,random_forest,3221,0,0
3,random_forest,310,5,5
3,random_forest,9099,6,6
3,random_forest,5866,4,4
3,random_forest,2503,0,0
3,random_forest,5857,4,6
3,random_forest,6003,4,4
3,random_forest,8750,6,6
3,random_forest,2021,5,0
3,random_forest,5555,4,4
3,random_forest,12099,3,3
3,random_forest,4714,2,2
3,random_forest,9535,6,6
3,random_forest,5181,2,2
3,random_forest,939,5,5
3,random_forest,6728,4,4
3,random_forest,9520,6,6
3,random_forest,2234,0,0
3,random_forest,5451,2,2
3,random_forest,1974,5,5
3,random_forest,3745,1,1
3,random_forest,2756,0,0
3,random_forest,4671,2,2
3,random_forest,1629,5,5
3,random_forest,10772,3,3
3,random_forest,2024,5,0
3,random_forest,9051,6,6
3,random_forest,6702,4,4
3,random_forest,4016,2,2
3,random_forest,28,5,5
3,random_forest,12097,3,3
3,random_forest,8346,6,6
3,random_forest,701,5,5
3,random_forest,5715,4,4
3,random_forest,5162,2,2
3,random_forest,2187,0,0
3,random_forest,8143,6,6
3,random_forest,7693,6,6
3,random_forest,1080,5,5
3,random_forest,474,5,5
3,random_forest,3091,0,0
3,random_forest,12603,3,3
3,random_forest,12590,3,3
3,random_forest,2821,0,0
3,random_forest,8418,6,4
3,random_forest,1045,5,5
3,random_forest,5710,4,6
3,random_forest,748,5,5
3,random_forest,9377,6,6
3,random_forest,11441,3,3
3,random_forest,3428,1,1
3,random_forest,2955,0,0
3,random_forest,6471,4,4
3,random_forest,5877,4,4
3,random_forest,12637,3,3
3,random_forest,8804,6,6
3,random_forest,389,5,5
3,random_forest,3519,1,1
3,random_forest,7157,4,4
3,random_forest,7667,6,5
3,random_forest,8633,6,6
3,random_forest,5001,2,2
3,random_forest,6317,4,4
3,random_forest,11398,3,3
3,random_forest,6712,4,4
3,random_forest,12035,3,3
3,random_forest,8413,6,6
3,random_forest,10575,3,3
3,random_forest,10275,3,3
3,random_forest,8701,6,6
3,random_forest,3276,0,0
3,random_forest,1932,5,5
3,random_forest,11050,3,3
3,random_forest,1033,5,5
3,random_forest,13309,3,3
3,random_forest,5316,2,2
3,random_forest,11945,3,3
3,random_forest,6368,4,4
3,random_forest,13082,3,3
3,random_forest,3240,0,0
3,random_forest,7419,6,3
3,random_forest,12912,3,3
3,random_forest,10137,3,3
3,random_forest,11545,3,3
3,random_forest,11048,3,3
3,random_forest,12668,3,3
3,random_forest,9035,6,6
3,random_forest,9547,6,6
3,random_forest,201,5,5
3,random_forest,2243,0,0
3,random_forest,993,5,5
3,random_forest,1405,5,5
3,random_forest,1797,5,5
3,random_forest,2956,0,0
3,random_forest,3315,0,0
3,random_forest,8453,6,6
3,random_forest,10537,3,3
3,random_forest,11142,3,3
3,random_forest,10156,3,3
3,random_forest,6694,4,4
3,random_forest,5996,4,4
3,random_forest,6045,4,4
3,random_forest,10647,3,3
3,random_forest,5612,4,4
3,random_forest,9093,6,6
3,random_forest,1900,5,5
3,random_forest,11812,3,3
3,random_forest,10616,3,3
3,random_forest,13338,3,3
3,random_forest,2344,0,2
3,random_forest,8937,6,6
3,random_forest,3055,0,0
3,random_forest,2418,0,0
3,random_forest,498,5,5
3,random_forest,2246,0,0
3,random_forest,10597,3,3
3,random_forest,5559,4,4
3,random_forest,11784,3,3
3,random_forest,2831,0,0
3,random_forest,2130,0,0
3,random_forest,10303,3,3
3,random_forest,10615,3,3
3,random_forest,8160,6,6
3,random_forest,11578,3,3
3,random_forest,6724,4,4
3,random_forest,11494,3,3
3,random_forest,9361,6,6
3,random_forest,12289,3,3
3,random_forest,3793,1,1
3,random_forest,3960,2,2
3,random_forest,536,5,5
3,random_forest,8094,6,6
3,random_forest,8117,6,6
3,random_forest,7692,6,3
3,random_forest,6320,4,4
3,random_forest,6896,4,4
3,random_forest,6419,4,4
3,random_forest,3179,0,0
3,random_forest,2252,0,0
3,random_forest,13533,3,6
3,random_forest,395,5,5
3,random_forest,9153,6,6
3,random_forest,12369,3,3
3,random_forest,1793,5,5
3,random_forest,10627,3,3
3,random_forest,11238,3,3
3,random_forest,5245,2,0
3,random_forest,3507,1,1
3,random_forest,9967,6,6
3,random_forest,8036,6,6
3,random_forest,362,5,5
3,random_forest,12564,3,3
3,random_forest,10882,3,3
3,random_forest,3041,0,0
3,random_forest,9053,6,6
3,random_forest,12835,3,3
3,random_forest,1069,5,5
3,random_forest,10223,3,3
3,random_forest,8538,6,6
3,random_forest,6426,4,4
3,random_forest,8111,6,6
3,random_forest,6427,4,4
3,random_forest,8410,6,6
3,random_forest,13162,3,3
3,random_forest,12093,3,3
3,random_forest,5061,2,2
3,random_forest,2427,0,0
3,random_forest,5170,2,2
3,random_forest,983,5,5
3,random_forest,1554,5,5
3,random_forest,1957,5,5
3,random_forest,4401,2,2
3,random_forest,4220,2,2
3,random_forest,8276,6,6
3,random_forest,11129,3,3
3,random_forest,7615,6,6
3,random_forest,9270,6,6
3,random_forest,7355,4,4
3,random_forest,7725,6,6
3,random_forest,8584,6,6
3,random_forest,7776,6,6
3,random_forest,343,5,5
3,random_forest,10327,3,3
3,random_forest,4157,2,2
3,random_forest,11992,3,3
3,random_forest,70,5,5
3,random_forest,7031,4,0
3,random_forest,4248,2,2
3,random_forest,6260,4,4
3,random_forest,9194,6,6
3,random_forest,11535,3,3
3,random_forest,535,5,5
3,random_forest,1692,5,5
3,random_forest,6135,4,4
3,random_forest,5972,4,4
3,random_forest,11991,3,3
3,random_forest,12002,3,3
3,random_forest,2179,0,0
3,random_forest,789,5,5
3,random_forest,13321,3,6
3,random_forest,3048,0,0
3,random_forest,11658,3,3
3,random_forest,8218,6,6
3,random_forest,3165,0,0
3,random_forest,4574,2,2
3,random_forest,12854,3,3
3,random_forest,826,5,5
3,random_forest,2043,0,6
3,random_forest,13021,3,5
3,random_forest,10640,3,3
3,random_forest,12076,3,3
3,random_forest,6854,4,4
3,random_forest,12740,3,3
3,random_forest,3189,0,0
3,random_forest,2778,0,0
3,random_forest,3326,0,0
3,random_forest,7037,4,4
3,random_forest,1585,5,5
3,random_forest,2806,0,0
3,random_forest,9599,6,6
3,random_forest,5012,2,2
3,random_forest,6750,4,4
3,random_forest,12942,3,3
3,random_forest,11998,3,3
3,random_forest,3571,1,1
3,random_forest,1148,5,5
3,random_forest,6184,4,4
3,random_forest,8957,6,6
3,random_forest,6104,4,4
3,random_forest,1167,5,5
3,random_forest,3153,0,0
3,random_forest,10576,3,3
3,random_forest,5406,2,2
3,random_forest,5762,4,4
3,random_forest,12580,3,3
3,random_forest,7110,4,4
3,random_forest,7535,6,3
3,random_forest,11549,3,3
3,random_forest,148,5,5
3,random_forest,8953,6,6
3,random_forest,5953,4,4
3,random_forest,2999,0,0
3,random_forest,2567,0,0
3,random_forest,11414,3,3
3,random_forest,8251,6,6
3,random_forest,5079,2,2
3,random_forest,1418,5,5
3,random_forest,4933,2,2
3,random_forest,8592,6,6
3,random_forest,4458,2,2
3,random_forest,11458,3,3
3,random_forest,9140,6,6
3,random_forest,12588,3,3
3,random_forest,12094,3,3
3,random_forest,8452,6,6
3,random_forest,943,5,5
3,random_forest,13504,3,5
3,random_forest,6450,4,4
3,random_forest,11047,3,3
3,random_forest,5419,2,2
3,random_forest,3008,0,0
3,random_forest,8467,6,6
3,random_forest,6834,4,4
3,random_forest,11301,3,3
3,random_forest,9857,6,6
3,random_forest,8929,6,6
3,random_forest,8496,6,6
3,random_forest,7034,4,4
3,random_forest,3882,2,5
3,random_forest,6254,4,4
3,random_forest,12797,3,3
3,random_forest,8962,6,6
3,random_forest,10401,3,3
3,random_forest,12657,3,3
3,random_forest,10548,3,3
3,random_forest,12672,3,3
3,random_forest,6028,4,4
3,random_forest,9167,6,6
3,random_forest,4173,2,2
3,random_forest,10267,3,3
3,random_forest,1392,5,5
3,random_forest,857,5,5
3,random_forest,8526,6,6
3,random_forest,7386,6,3
3,random_forest,12948,3,3
3,random_forest,9034,6,6
3,random_forest,10194,3,3
3,random_forest,5225,2,2
3,random_forest,7803,6,6
3,random_forest,9258,6,6
3,random_forest,1318,5,5
3,random_forest,7921,6,6
3,random_forest,11690,3,3
3,random_forest,8382,6,6
3,random_forest,5395,2,2
3,random_forest,12049,3,3
3,random_forest,10430,3,3
3,random_forest,3407,1,1
3,random_forest,11388,3,3
3,random_forest,10759,3,3
3,random_forest,3336,0,0
3,random_forest,2924,0,0
3,random_forest,11910,3,3
3,random_forest,1983,5,6
3,random_forest,7619,6,6
3,random_forest,1815,5,5
3,random_forest,2499,0,0
3,random_forest,12762,3,3
3,random_forest,3163,0,0
3,random_forest,12262,3,3
3,random_forest,1243,5,5
3,random_forest,1020,5,5
3,random_forest,13023,3,3
3,random_forest,9888,6,6
3,random_forest,11538,3,3
3,random_forest,4325,2,2
3,random_forest,7008,4,2
3,random_forest,8416,6,6
3,random_forest,13222,3,3
3,random_forest,1901,5,5
3,random_forest,3122,0,2
3,random_forest,2053,0,0
3,random_forest,3150,0,0
3,random_forest,7961,6,6
3,random_forest,4606,2,2
3,random_forest,7636,6,6
3,random_forest,7506,6,3
3,random_forest,1760,5,5
3,random_forest,6920,4,4
3,random_forest,7663,6,6
3,random_forest,10202,3,3
3,random_forest,5978,4,4
3,random_forest,8326,6,6
3,random_forest,12990,3,3
3,random_forest,11431,3,3
3,random_forest,3429,1,1
3,random_forest,9040,6,6
3,random_forest,3616,1,1
3,random_forest,4175,2,2
3,random_forest,499,5,5
3,random_forest,8635,6,6
3,random_forest,12346,3,3
3,random_forest,3812,1,1
3,random_forest,4087,2,2
3,random_forest,9629,6,6
3,random_forest,11476,3,3
3,random_forest,547,5,5
3,random_forest,838,5,5
3,random_forest,7707,6,3
3,random_forest,8088,6,6
3,random_forest,7930,6,6
3,random_forest,8132,6,6
3,random_forest,2188,0,0
3,random_forest,5542,4,4
3,random_forest,11943,3,3
3,random_forest,11193,3,3
3,random_forest,8084,6,6
3,random_forest,6077,4,4
3,random_forest,798,5,5
3,random_forest,6139,4,4
3,random_forest,11548,3,3
3,random_forest,12228,3,3
3,random_forest,9804,6,6
3,random_forest,385,5,5
3,random_forest,2592,0,0
3,random_forest,13299,3,6
3,random_forest,2887,0,0
3,random_forest,2793,0,0
3,random_forest,12609,3,3
3,random_forest,1566,5,5
3,random_forest,4552,2,2
3,random_forest,224,5,5
3,random_forest,8762,6,6
3,random_forest,12665,3,3
3,random_forest,6908,4,4
3,random_forest,1171,5,5
3,random_forest,913,5,5
3,random_forest,2357,0,0
3,random_forest,10987,3,3
3,random_forest,2987,0,0
3,random_forest,9939,6,6
3,random_forest,7045,4,4
3,random_forest,5441,2,2
3,random_forest,1508,5,5
3,random_forest,3906,2,2
3,random_forest,6674,4,4
3,random_forest,6210,4,4
3,random_forest,9275,6,6
3,random_forest,9988,6,0
3,random_forest,8145,6,6
3,random_forest,2279,0,0
3,random_forest,12509,3,3
3,random_forest,13096,3,3
3,random_forest,6492,4,4
3,random_forest,9817,6,6
3,random_forest,3098,0,0
3,random_forest,10217,3,3
3,random_forest,1347,5,5
3,random_forest,8003,6,6
3,random_forest,1612,5,5
3,random_forest,11293,3,3
3,random_forest,11103,3,3
3,random_forest,6046,4,4
3,random_forest,5178,2,2
3,random_forest,12011,3,3
3,random_forest,8871,6,6
3,random_forest,13457,3,6
3,random_forest,3219,0,0
3,random_forest,1937,5,5
3,random_forest,5707,4,4
3,random_forest,6504,4,4
3,random_forest,10268,3,3
3,random_forest,7913,6,6
3,random_forest,3598,1,1
3,random_forest,3520,1,1
3,random_forest,8154,6,6
3,random_forest,3229,0,0
3,random_forest,11069,3,3
3,random_forest,11424,3,3
3,random_forest,13385,3,6
3,random_forest,10629,3,3
3,random_forest,10938,3,3
3,random_forest,10353,3,3
3,random_forest,10591,3,3
3,random_forest,4664,2,2
3,random_forest,9947,6,6
3,random_forest,9837,6,6
3,random_forest,1342,5,5
3,random_forest,9602,6,6
3,random_forest,9766,6,6
3,random_forest,6171,4,4
3,random_forest,4814,2,2
3,random_forest,1965,5,5
3,random_forest,12490,3,3
3,random_forest,1587,5,5
3,random_forest,4445,2,2
3,random_forest,10447,3,3
3,random_forest,7683,6,3
3,random_forest,11900,3,3
3,random_forest,8868,6,6
3,random_forest,12995,3,3
3,random_forest,3866,1,1
3,random_forest,11639,3,3
3,random_forest,8989,6,6
3,random_forest,13433,3,6
3,random_forest,8648,6,6
3,random_forest,7134,4,4
3,random_forest,11473,3,3
3,random_forest,10887,3,3
3,random_forest,10393,3,3
3,random_forest,3999,2,0
3,random_forest,10936,3,3
3,random_forest,3044,0,0
3,random_forest,10458,3,3
3,random_forest,10433,3,3
3,random_forest,1407,5,5
3,random_forest,12143,3,3
3,random_forest,11835,3,3
3,random_forest,10836,3,3
3,random_forest,7557,6,6
3,random_forest,1920,5,5
3,random_forest,9666,6,6
3,random_forest,12798,3,3
3,random_forest,302,5,5
3,random_forest,7011,4,4
3,random_forest,8824,6,6
3,random_forest,4802,2,2
3,random_forest,11733,3,3
3,random_forest,10150,3,3
3,random_forest,7442,6,3
3,random_forest,11466,3,3
3,random_forest,8512,6,6
3,random_forest,9845,6,6
3,random_forest,7843,6,6
3,random_forest,5868,4,4
3,random_forest,9677,6,6
3,random_forest,12552,3,3
3,random_forest,10115,3,3
3,random_forest,12500,3,3
3,random_forest,2490,0,0
3,random_forest,7814,6,5
3,random_forest,1077,5,5
3,random_forest,4596,2,2
3,random_forest,7603,6,3
3,random_forest,8969,6,6
3,random_forest,2315,0,0
3,random_forest,164,5,5
3,random_forest,4878,2,2
3,random_forest,10380,3,3
3,random_forest,3659,1,1
3,random_forest,1533,5,5
3,random_forest,12742,3,3
3,random_forest,6482,4,4
3,random_forest,778,5,5
3,random_forest,717,5,5
3,random_forest,10898,3,3
3,random_forest,715,5,5
3,random_forest,3434,1,1
3,random_forest,2125,0,0
3,random_forest,2306,0,2
3,random_forest,2405,0,0
3,random_forest,7703,6,3
3,random_forest,8819,6,5
3,random_forest,599,5,5
3,random_forest,10818,3,3
3,random_forest,11635,3,3
3,random_forest,6378,4,4
3,random_forest,10457,3,3
3,random_forest,8423,6,6
3,random_forest,6929,4,4
3,random_forest,8566,6,6
3,random_forest,10906,3,3
3,random_forest,3791,1,1
3,random_forest,1164,5,5
3,random_forest,3479,1,1
3,random_forest,4198,2,2
3,random_forest,3936,2,4
3,random_forest,4165,2,2
3,random_forest,5322,2,2
3,random_forest,2412,0,0
3,random_forest,9955,6,6
3,random_forest,519,5,5
3,random_forest,8591,6,6
3,random_forest,3365,1,1
3,random_forest,8832,6,6
3,random_forest,5161,2,2
3,random_forest,9024,6,6
3,random_forest,13328,3,6
3,random_forest,10021,3,3
3,random_forest,3547,1,1
3,random_forest,12447,3,3
3,random_forest,1532,5,5
3,random_forest,9697,6,6
3,random_forest,8865,6,6
3,random_forest,5018,2,2
3,random_forest,7625,6,6
3,random_forest,6336,4,4
3,random_forest,13093,3,3
3,random_forest,12984,3,3
3,random_forest,5737,4,4
3,random_forest,1395,5,5
3,random_forest,7809,6,6
3,random_forest,7318,4,2
3,random_forest,12563,3,3
3,random_forest,6706,4,4
3,random_forest,488,5,5
3,random_forest,11897,3,3
3,random_forest,7589,6,3
3,random_forest,6089,4,4
3,random_forest,13448,3,6
3,random_forest,9499,6,6
3,random_forest,5496,2,2
3,random_forest,9944,6,4
3,random_forest,7668,6,6
3,random_forest,6374,4,4
3,random_forest,10389,3,3
3,random_forest,513,5,5
3,random_forest,9052,6,6
3,random_forest,6970,4,4
3,random_forest,3046,0,0
3,random_forest,8022,6,6
3,random_forest,6652,4,4
3,random_forest,11113,3,3
3,random_forest,7773,6,6
3,random_forest,1680,5,5
3,random_forest,12326,3,3
3,random_forest,10505,3,3
3,random_forest,9031,6,6
3,random_forest,572,5,5
3,random_forest,7889,6,6
3,random_forest,5414,2,2
3,random_forest,5706,4,4
3,random_forest,2690,0,0
3,random_forest,11213,3,3
3,random_forest,2725,0,0
3,random_forest,5096,2,2
3,random_forest,8745,6,6
3,random_forest,6439,4,4
3,random_forest,12465,3,3
3,random_forest,12398,3,3
3,random_forest,11472,3,3
3,random_forest,13276,3,6
3,random_forest,7311,4,4
3,random_forest,3630,1,1
3,random_forest,13372,3,6
3,random_forest,5173,2,2
3,random_forest,9418,6,6
3,random_forest,4489,2,2
3,random_forest,1848,5,5
3,random_forest,5002,2,2
3,random_forest,11378,3,3
3,random_forest,11375,3,3
3,random_forest,10969,3,3
3,random_forest,12877,3,6
3,random_forest,3870,1,1
3,random_forest,12316,3,3
3,random_forest,3518,1,1
3,random_forest,8480,6,6
3,random_forest,10879,3,3
3,random_forest,11188,3,3
3,random_forest,6751,4,4
3,random_forest,9215,6,6
3,random_forest,2589,0,0
3,random_forest,5151,2,0
3,random_forest,2273,0,0
3,random_forest,4013,2,2
3,random_forest,11844,3,3
3,random_forest,10029,3,3
3,random_forest,3889,2,0
3,random_forest,6983,4,4
3,random_forest,7679,6,3
3,random_forest,9675,6,6
3,random_forest,7555,6,3
3,random_forest,13445,3,6
3,random_forest,3858,1,1
3,random_forest,448,5,5
3,random_forest,871,5,5
3,random_forest,9818,6,6
3,random_forest,5279,2,2
3,random_forest,5376,2,2
3,random_forest,412,5,3
3,random_forest,6508,4,4
3,random_forest,597,5,5
3,random_forest,8365,6,6
3,random_forest,5699,4,4
3,random_forest,192,5,5
3,random_forest,9803,6,6
3,random_forest,3845,1,1
3,random_forest,6381,4,4
3,random_forest,5562,4,6
3,random_forest,1018,5,5
3,random_forest,218,5,5
3,random_forest,6891,4,4
3,random_forest,11564,3,3
3,random_forest,594,5,5
3,random_forest,12061,3,3
3,random_forest,12274,3,3
3,random_forest,13196,3,3
3,random_forest,386,5,5
3,random_forest,11003,3,3
3,random_forest,8580,6,6
3,random_forest,11584,3,3
3,random_forest,4810,2,2
3,random_forest,13531,3,5
3,random_forest,11754,3,3
3,random_forest,7857,6,6
3,random_forest,13253,3,6
3,random_forest,6691,4,4
3,random_forest,8118,6,6
3,random_forest,9880,6,6
3,random_forest,1349,5,5
3,random_forest,3363,1,1
3,random_forest,10814,3,3
3,random_forest,1232,5,5
3,random_forest,2827,0,0
3,random_forest,6483,4,4
3,random_forest,4832,2,2
3,random_forest,2635,0,0
3,random_forest,8830,6,6
3,random_forest,1448,5,5
3,random_forest,11824,3,3
3,random_forest,11267,3,3
3,random_forest,4381,2,2
3,random_forest,10171,3,3
3,random_forest,3072,0,0
3,random_forest,1725,5,5
3,random_forest,1730,5,5
3,random_forest,1840,5,5
3,random_forest,4429,2,2
3,random_forest,2659,0,2
3,random_forest,12838,3,3
3,random_forest,7943,6,6
3,random_forest,8176,6,6
3,random_forest,9118,6,6
3,random_forest,2673,0,0
3,random_forest,7825,6,6
3,random_forest,12292,3,3
3,random_forest,7986,6,6
3,random_forest,11033,3,3
3,random_forest,4756,2,2
3,random_forest,5595,4,4
3,random_forest,2193,0,4
3,random_forest,10480,3,3
3,random_forest,12206,3,3
3,random_forest,5264,2,2
3,random_forest,12254,3,3
3,random_forest,8787,6,6
3,random_forest,9640,6,6
3,random_forest,252,5,5
3,random_forest,440,5,5
3,random_forest,9906,6,6
3,random_forest,4785,2,2
3,random_forest,10197,3,3
3,random_forest,4708,2,2
3,random_forest,9789,6,6
3,random_forest,9186,6,0
3,random_forest,7639,6,6
3,random_forest,603,5,5
3,random_forest,3972,2,2
3,random_forest,7187,4,4
3,random_forest,13333,3,3
3,random_forest,938,5,5
3,random_forest,10439,3,3
3,random_forest,5013,2,2
3,random_forest,1417,5,5
3,random_forest,13379,3,3
3,random_forest,1535,5,5
3,random_forest,3814,1,1
3,random_forest,5261,2,2
3,random_forest,11475,3,3
3,random_forest,5140,2,2
3,random_forest,10536,3,3
3,random_forest,13217,3,3
3,random_forest,11032,3,3
3,random_forest,738,5,5
3,random_forest,3265,0,0
3,random_forest,10517,3,3
3,random_forest,2583,0,0
3,random_forest,1446,5,5
3,random_forest,13027,3,3
3,random_forest,2822,0,2
3,random_forest,7075,4,4
3,random_forest,5929,4,4
3,random_forest,13426,3,6
3,random_forest,8273,6,6
3,random_forest,2536,0,2
3,random_forest,2227,0,0
3,random_forest,2529,0,0
3,random_forest,10112,3,3
3,random_forest,5391,2,2
3,random_forest,11875,3,3
3,random_forest,5784,4,4
3,random_forest,2803,0,0
3,random_forest,9910,6,6
3,random_forest,10628,3,3
3,random_forest,12007,3,3
3,random_forest,10467,3,3
3,random_forest,10345,3,3
3,random_forest,7263,4,4
3,random_forest,4315,2,2
3,random_forest,2228,0,0
3,random_forest,13246,3,3
3,random_forest,11086,3,3
3,random_forest,8101,6,6
3,random_forest,971,5,5
3,random_forest,7865,6,6
3,random_forest,13250,3,6
3,random_forest,8636,6,6
3,random_forest,3491,1,1
3,random_forest,2984,0,0
3,random_forest,6564,4,4
3,random_forest,6454,4,4
3,random_forest,7341,4,4
3,random_forest,9978,6,6
3,random_forest,13168,3,6
3,random_forest,4839,2,2
3,random_forest,10177,3,3
3,random_forest,12238,3,3
3,random_forest,4535,2,2
3,random_forest,1694,5,5
3,random_forest,12338,3,3
3,random_forest,2981,0,0
3,random_forest,2184,0,0
3,random_forest,4161,2,2
3,random_forest,6359,4,4
3,random_forest,12417,3,3
3,random_forest,8916,6,6
3,random_forest,5144,2,2
3,random_forest,4947,2,2
3,random_forest,8033,6,6
3,random_forest,10386,3,3
3,random_forest,12963,3,3
3,random_forest,5914,4,4
3,random_forest,11821,3,3
3,random_forest,6333,4,4
3,random_forest,6182,4,4
3,random_forest,313,5,5
3,random_forest,8617,6,6
3,random_forest,1475,5,5
3,random_forest,12621,3,3
3,random_forest,8451,6,6
3,random_forest,9330,6,6
3,random_forest,7239,4,4
3,random_forest,34,5,5
3,random_forest,12013,3,3
3,random_forest,4324,2,2
3,random_forest,12117,3,3
3,random_forest,11840,3,3
3,random_forest,4914,2,2
3,random_forest,4943,2,2
3,random_forest,3071,0,0
3,random_forest,1419,5,5
3,random_forest,6675,4,2
3,random_forest,5833,4,4
3,random_forest,12215,3,3
3,random_forest,4954,2,2
3,random_forest,10989,3,3
3,random_forest,8001,6,6
3,random_forest,5526,4,4
3,random_forest,2923,0,0
3,random_forest,6207,4,4
3,random_forest,3722,1,1
3,random_forest,5380,2,2
3,random_forest,1225,5,5
3,random_forest,215,5,5
3,random_forest,4387,2,2
3,random_forest,10383,3,3
3,random_forest,3360,1,1
3,random_forest,3623,1,1
3,random_forest,7415,6,3
3,random_forest,1312,5,5
3,random_forest,7049,4,4
3,random_forest,3449,1,1
3,random_forest,3833,1,1
3,random_forest,4181,2,2
3,random_forest,10840,3,3
3,random_forest,442,5,3
3,random_forest,8079,6,6
3,random_forest,44,5,5
3,random_forest,4003,2,0
3,random_forest,12232,3,3
3,random_forest,3851,1,1
3,random_forest,868,5,5
3,random_forest,10325,3,3
3,random_forest,10491,3,3
3,random_forest,9579,6,6
3,random_forest,4475,2,2
3,random_forest,807,5,5
3,random_forest,7313,4,4
3,random_forest,2041,0,0
3,random_forest,1967,5,5
3,random_forest,12477,3,3
3,random_forest,877,5,5
3,random_forest,3136,0,0
3,random_forest,132,5,5
3,random_forest,961,5,5
3,random_forest,11586,3,3
3,random_forest,11602,3,3
3,random_forest,2729,0,0
3,random_forest,5055,2,2
3,random_forest,7379,6,3
3,random_forest,5318,2,0
3,random_forest,3124,0,0
3,random_forest,10645,3,3
3,random_forest,8048,6,5
3,random_forest,5265,2,2
3,random_forest,12795,3,3
3,random_forest,8262,6,6
3,random_forest,7562,6,6
3,random_forest,1561,5,5
3,random_forest,12155,3,3
3,random_forest,8330,6,6
3,random_forest,7775,6,6
3,random_forest,10338,3,3
3,random_forest,13142,3,3
3,random_forest,4245,2,4
3,random_forest,180,5,5
3,random_forest,3321,0,0
3,random_forest,6022,4,4
3,random_forest,1945,5,5
3,random_forest,4827,2,2
3,random_forest,269,5,5
3,random_forest,9010,6,6
3,random_forest,292,5,5
3,random_forest,2002,5,5
3,random_forest,12153,3,3
3,random_forest,6514,4,4
3,random_forest,2519,0,0
3,random_forest,9840,6,6
3,random_forest,12365,3,3
3,random_forest,4929,2,2
3,random_forest,12047,3,3
3,random_forest,5756,4,4
3,random_forest,3086,0,0
3,random_forest,13485,3,6
3,random_forest,1035,5,6
3,random_forest,2067,0,0
3,random_forest,10538,3,3
3,random_forest,4459,2,2
3,random_forest,9612,6,6
3,random_forest,8848,6,6
3,random_forest,23,5,3
3,random_forest,7942,6,6
3,random_forest,202,5,5
3,random_forest,6158,4,4
3,random_forest,6950,4,4
3,random_forest,12311,3,3
3,random_forest,4540,2,2
3,random_forest,11521,3,3
3,random_forest,6847,4,4
3,random_forest,4231,2,2
3,random_forest,8700,6,6
3,random_forest,9530,6,6
3,random_forest,8384,6,4
3,random_forest,8886,6,6
3,random_forest,7488,6,3
3,random_forest,8477,6,6
3,random_forest,10847,3,3
3,random_forest,1009,5,5
3,random_forest,2424,0,0
3,random_forest,9695,6,6
3,random_forest,15,5,5
3,random_forest,1114,5,5
3,random_forest,12522,3,3
3,random_forest,9808,6,6
3,random_forest,7680,6,3
3,random_forest,10557,3,3
3,random_forest,6969,4,4
3,random_forest,9877,6,6
3,random_forest,10250,3,3
3,random_forest,6602,4,4
3,random_forest,12355,3,3
3,random_forest,10577,3,3
3,random_forest,872,5,5
3,random_forest,8283,6,6
3,random_forest,1922,5,0
3,random_forest,6886,4,4
3,random_forest,4736,2,2
3,random_forest,12448,3,3
3,random_forest,2122,0,0
3,random_forest,656,5,5
3,random_forest,12219,3,3
3,random_forest,8240,6,6
3,random_forest,7946,6,6
3,random_forest,5777,4,4
3,random_forest,4353,2,2
3,random_forest,4478,2,2
3,random_forest,9450,6,6
3,random_forest,1569,5,5
3,random_forest,3730,1,1
3,random_forest,1089,5,5
3,random_forest,5048,2,2
3,random_forest,5916,4,4
3,random_forest,2674,0,0
3,random_forest,7003,4,4
3,random_forest,6088,4,4
3,random_forest,7940,6,6
3,random_forest,1583,5,6
3,random_forest,2229,0,0
3,random_forest,6608,4,4
3,random_forest,2905,0,0
3,random_forest,13298,3,3
3,random_forest,7499,6,3
3,random_forest,6155,4,4
3,random_forest,7910,6,6
3,random_forest,4978,2,2
3,random_forest,10986,3,3
3,random_forest,9061,6,6
3,random_forest,7264,4,4
3,random_forest,3636,1,1
3,random_forest,5557,4,6
3,random_forest,11693,3,3
3,random_forest,3898,2,6
3,random_forest,82,5,5
3,random_forest,233,5,5
3,random_forest,2296,0,0
3,random_forest,12453,3,3
3,random_forest,7893,6,6
3,random_forest,12658,3,3
3,random_forest,6397,4,4
3,random_forest,2842,0,0
3,random_forest,12056,3,3
3,random_forest,4585,2,2
3,random_forest,5039,2,2
3,random_forest,921,5,5
3,random_forest,1993,5,5
3,random_forest,9533,6,5
